23.484,7.375,29.375,48.031,61.625,10.562,53.297,76.922,19.406,15.594,5.4844,16.391,82.922,66.516,56.688,49.312,39.312,52.109,23.188,12.141,39.172,20.906,11.844,66.734,57.188,39.109,52.828,60.812,19.625,33.938,53.93
66.969,22.516,29.781,20.922,39.422,18.938,23.969,55.906,13.547,12.828,9.6484,12.484,48.641,46.75,60.344,61.281,54.672,57.562,29.547,30.328,47.375,23.812,25.016,20.031,71.828,51.625,26.844,51.312,14.438,48.281,16.203
37.922,117.28,51.109,66.859,38.312,90.359,25.688,33.781,26.969,19.656,103.59,24.922,44.25,37.969,32.93,23.531,26.875,132.98,91.188,125.61,24.516,67.312,25.125,137.56,55.547,112.69,102.66,25.844,72.734,133.34,112.92
83.141,30.641,73.891,63.047,52.312,17.312,48.359,76.469,41.984,14.516,28.656,15.133,42.391,55.203,27.594,70.875,98.312,123.34,31.977,57.695,21.141,25.672,58.859,91.188,98,30.344,26.047,80.984,19.188,60.391,73.766
47.312,98.641,38.891,73.375,76.938,68.328,29.797,25.422,34.281,37.797,119.8,26.297,38.312,138.23,25.734,24.516,31.992,162,115.47,132.34,29.734,57.141,29.133,90.891,36.484,104.25,82.656,26.844,121.23,121.5,132.42
87,42.023,23.555,80.062,33.922,70.578,44.188,72.328,30.578,18.141,29.547,20.297,28.414,70.312,37.609,58.469,96.594,98.281,48.219,50.125,57.781,33.828,81.484,97.5,52.906,36,56.641,54.719,19.234,42.141,22.312
68.094,52.812,38.602,43.609,26.156,40.172,46.391,23.703,54.977,11.609,66.875,40.078,40.391,30.531,19.758,29.141,73.219,40.344,26.219,10.453,49.484,37.5,51.656,49.531,99.234,93.484,48.844,13.953,54.031,75.953,57.188
51.082,28.312,49.047,25.484,22.562,35.141,19.953,23.289,20.078,17.781,76.859,13.746,30.641,22.047,35.5,72.953,79.797,22.734,13.828,65.891,19.859,59.812,30.359,27.172,69.438,47.016,78.625,44.844,63.188,31.266,61.383
94.328,19.078,82.031,79.922,29.625,91.688,39.484,32.219,45.672,27.922,23.625,15.797,122.14,97.125,44.586,60.203,93.203,106.61,14.469,52.906,43.688,35.906,85.812,110.09,55.172,62.516,47.359,31.297,40.656,44.891,20.078
83.672,16.984,61.562,82.516,28.719,93.125,41.453,28.234,34.984,32.172,23.203,17.328,92.703,69.453,39.32,43.422,70.469,87.797,13.094,41.797,73.297,31.141,89.625,98.953,44.359,32.766,27.875,39.859,40.219,42.172,44.094
110.14,36.961,29.844,47.703,36.219,93.969,50.891,108.34,107.72,16.75,53.422,15.062,77.141,22.141,63.109,33.953,118.72,93.469,13.656,34.297,35.844,29.062,22.227,49.703,76.406,66.141,81.484,23.938,72.719,36.266,36.172
70.641,39.469,59.734,29.672,26.406,49.844,92.188,67.328,66.609,34.234,23.359,21.094,64.922,70.562,37.352,21.562,47.391,99.906,16.297,70.922,104.22,49.156,35.016,101.95,64.609,32.062,45.469,31.938,43.547,26.969,57.922
34.875,29.969,45.422,135.69,80.375,86.469,136.55,86.359,73.438,50.406,24.188,21.797,44.062,174.62,86.422,145.55,135.78,126.33,20.125,88.109,34.922,47.875,120.95,100.33,214.5,86.672,71.734,37.578,189.53,63.469,29.328
59.234,25.562,30.859,54.969,101.17,49.5,97.047,149.25,55.781,72.969,27.359,32.234,30.438,109.45,89.719,112.86,91.406,110.55,32.641,107.75,36.766,63.062,144.05,128.09,182.06,94.625,46.859,32,45.125,46.672,41.859
68.375,30.781,60.75,68.453,28.266,50.875,89.281,60.547,45.375,16.484,38.266,27.922,72.688,61.469,53.094,46.438,64.977,116.34,16.094,52.094,119.67,42.812,77.469,102.14,58.641,56.469,32.719,35.094,44.656,46.688,28.203
44.359,35.953,33.297,90.141,84.922,190.72,80.609,95.484,97.875,49.5,23.188,18.234,71.906,167.31,51.25,78.375,77.031,187.89,14.375,71.406,44.469,43.469,102.83,110.59,132.88,98.172,120.81,30.734,105.66,55.234,43.359
70.094,71.141,53.234,45.344,30.969,102.08,71.828,109.89,65.062,40.844,28.781,22.875,86.641,46.781,62.641,50.969,107.25,82.922,25.875,82.266,51.297,22.812,36.391,139.09,62.484,60.156,36.766,36.969,98.844,29.047,35.812
88.469,43.984,37.281,47.016,36.422,123.36,78.281,93.031,92.891,46.516,35.031,22.828,68.312,87.297,50.734,37.281,127.98,109.75,21.156,39.141,38.844,33.578,39.875,102.28,60.422,63.078,62.445,52.422,67.281,38.984,42.844
34.531,49.406,67.438,153.61,34.359,49.609,87.672,123.66,37.406,46.578,35.125,24.938,69.562,153.69,57.984,112.59,44.578,87.297,12.938,79.859,105.11,35.266,42.062,163.28,129.28,163.23,112.05,79.109,70.578,51.641,55.625
134.5,25.812,55.656,64.516,126.48,125.06,144.23,75.078,68.5,139.08,25.031,15.812,56.609,108,84.859,45.703,87.438,161.97,61.969,29.391,36.094,25.547,63.172,141.53,54.844,77.469,57.25,66.828,37.141,43.469,25.695
95.531,60.203,68.188,25.266,68.312,80.344,58.469,25.297,57.594,39.062,36.094,33.016,96.297,48.172,32.203,39,87,124.59,23.391,55.188,19.156,11.234,31.75,76.281,41.328,88.641,118.39,46.938,47.234,92.719,20.281
59.25,17.734,62.656,26.547,41.641,38.953,23.766,60.125,38.938,25.195,81.578,25.32,63.703,52.109,21.469,86.828,41.594,42.797,34.453,27.281,69.422,53.828,29.094,65.641,21.305,25.312,62.656,94.125,29.562,14.625,30.844
34.086,17.547,50.438,18.328,43.312,28.062,25.375,79.203,62.547,16.094,59.062,19.375,39.75,46.766,16.375,64.797,41.688,58.031,30.719,19.969,62.969,25.062,29.031,43.125,19.75,20.734,52.188,66.797,26.141,13.969,22.656
125.17,26.031,83.625,40.766,24.047,43.875,23.375,15.188,18.156,10.742,55.797,20.266,39.125,62.688,26.953,66.234,38.172,20.141,33.281,76.875,59.734,33.703,66.625,57.516,31.023,18.031,63.344,77.125,64.469,17.75,55.375
30.422,21.484,134.03,49.125,30.172,54.688,20.016,82.344,23.875,40.703,29.188,31.344,51.281,29.406,84.43,95.938,107.3,42.812,78.844,17.453,25.797,71.406,54.812,52.562,89.062,41.141,62.031,30.031,79.672,93.328,19.281
50,41.438,88.969,29.703,40.703,18.047,19.453,13.969,19.594,19.938,48.734,45.328,63.484,29.672,28.469,69.703,36.422,14.578,39.281,79,25.609,59.484,37.016,19,24.617,19.867,33.125,61.109,62.688,58.781,15.094
81.891,33.438,39.547,35.125,55.438,75.469,128.25,90.125,36.375,44.547,102.33,41.5,49.391,102.05,23.469,47.172,126.78,126.02,66.812,29.047,66.016,47.609,69.422,37.422,28.594,105.11,61.328,18.219,33.172,94.297,16.016
40.398,44.141,74.625,26.781,23.953,24.547,24.016,21.5,22.266,23.328,42.109,28.953,54.141,17.453,26.422,59.922,37.984,16.609,67.5,45.531,24.219,52.953,30.953,21.844,17.32,22.461,53.25,64.625,55.812,62.219,16.656
91.5,39.078,52.781,22.594,45.078,100.81,90.281,51.984,38.781,28.625,28.453,55.516,68.797,30.516,45.234,33.266,80.812,128.19,63.797,20.734,73.766,59.203,68.656,79.93,29.086,59.156,35.203,21.797,77.172,138.05,31.391
21.828,85.875,63.156,24.188,46.055,93.109,44.984,50.172,136.67,118.27,68.438,58.609,30.375,64.5,119.52,74.344,73.125,48.5,33.203,32.797,37.156,89.609,56.328,58.312,50.875,32.141,43.781,75.328,146.09,55.047,40.703
90.719,53.609,39.219,28.562,37.594,85.656,22.281,89.75,59.688,111.94,32.875,61.109,35.672,34.562,37.266,99.625,174.75,88.922,34.422,55.688,22.672,42.641,62.984,102.83,128.19,83.703,88.641,39.453,37.844,44.516,22.125
135.16,56.656,67.062,32.391,37.781,101.84,72.594,69.25,44.266,130.72,29.156,70.812,55.312,70.344,87.859,164.41,199.38,89.719,48.891,35.922,99.93,100.19,56.25,67.484,66.953,58.344,76.141,56.25,61.719,123.48,38.578
75.984,59.297,53.188,31.828,90.453,80.531,27.344,68.391,58.812,92.188,27,71.531,41.219,35.812,49.656,24.562,168.88,62.297,27.297,52.703,31.719,69.508,68.641,55.5,116.41,84.297,83.734,36.859,36.938,48.281,21.625
71.812,34.5,61.438,42.531,79.641,69.609,152.94,75.328,76,50.406,41.75,137.77,36.5,81.672,36.031,59.562,145.31,110.34,94.828,44.578,53.266,22.25,94.422,37.812,30.438,73,48.578,32.703,112.45,58.312,22.5
37.125,48.984,38.562,33.086,46.359,106.64,56.344,76.812,51.203,107.45,67.312,85.188,82.125,50.281,29.844,91.641,156.44,121.06,21.812,72.094,19.641,49.344,125.92,46.688,25.031,86.656,63.703,25.875,55.562,67.219,25.406
51.516,45.266,52.062,22.281,66.086,64.766,53.25,94.453,52.047,80.594,29.141,34.297,37.469,60.875,57.359,22.359,128.98,31.734,58.375,17.969,19.469,26.359,71.734,49.828,85.781,53.375,39.672,35.078,44.547,44.594,23.859
72.094,46.438,47.766,19.703,97.688,55.375,146.56,64.016,85.547,24.141,31.812,65.156,62.203,56.484,48.969,49.531,45.5,98.781,53.094,55.312,56.672,107.45,58.531,43.719,51.844,123.88,93.953,49.484,65.109,64.656,44.656
39.312,59.781,46.703,24.047,63.445,57.266,28.812,107.8,117.53,22.781,32.156,27.438,44.367,25.141,40.609,72.219,67.891,54.922,67.625,22.375,33.484,65.469,63.844,64.547,107.66,28.906,48.031,40,117.3,60.125,58.703
47.281,47.906,63.594,24.797,69.273,41.438,69.844,88.172,109.16,16.656,35.422,66.406,60.477,70.5,54.938,55.172,141.33,30.219,76.328,21.75,21.078,20.75,67.75,63.062,122.31,57.141,44.484,32.516,64.516,36.078,52.516
56.328,45.141,84.406,32.281,65.031,43.062,56.656,88.531,99.281,15.117,21.203,62.5,28.094,71.281,121.78,125.44,140.73,47.047,46.203,56.5,39.203,52.5,98.562,34.297,102.77,87.625,58.891,34.594,46.297,50.219,16.969
103.62,102.25,87.688,32.688,48.703,67.766,69.703,36.391,55.5,29.531,47.141,26.281,57.109,48.531,67.156,102.25,94.562,38.312,134.23,28.453,24.719,33.766,25.969,45.938,29.859,54.031,54.547,52.625,32.094,39.266,58.766
71.906,100.5,35.469,38.625,62.141,59.688,69.188,56.531,114.92,27.641,33.656,27.219,72.672,35.5,74.656,108.42,102.55,54.656,120.36,23.453,34.891,60.188,48.531,43.25,42.734,34.281,44.5,63.422,48.109,24.797,53.984
60.094,52.75,94.344,35.406,44.672,46.578,83.844,88.703,161.64,14.828,33.203,105.38,54.031,64.453,41.344,92.203,132.23,35.844,91.703,32.109,48.844,38.703,74.406,54.469,115.09,48.891,69.188,38.531,46.375,30.703,63.484
140.23,25.625,64.781,49.258,116.97,76.125,154.69,56.781,108.95,21.125,32.578,114.59,48.969,75.812,30.984,24.234,53.969,180.41,47.469,76.391,62.172,61.281,53.969,85.922,46.25,118.78,51.453,69.984,87.062,62.938,57.5
62.984,49.781,44.141,14.562,59.25,21.219,21.094,22.305,27.375,52.953,106.78,24.945,25.359,93.891,37.234,30.609,37.156,27.344,68.25,19.531,89.844,23.391,41.766,17.75,76.219,54.938,74.344,49.109,24.906,39.75,89.297
43.906,78.141,149.09,39.281,38.75,99.906,46.891,35.625,84.609,24.438,67.312,31.008,63.875,32.969,72.219,90.281,103.02,22.328,141.5,134.19,24.688,44.125,16.688,34.5,58.938,51.172,77.781,25.25,67.469,62.609,48.203
53.125,48,57.844,21.953,44,86.469,27.672,83.453,128.97,17.016,27.531,46.25,95.812,34.234,45.641,66.562,87.109,46.062,60.562,41.188,43.516,86.312,71.422,119.16,37.516,40.492,36.922,14.578,104.3,36.672,47.531
65.594,46.844,65.891,27.656,38.828,95.062,45.531,179.53,105.52,18.578,46.688,73.078,63.281,57.469,45.156,97.969,140.38,48.344,76,22.625,56.844,97.781,63.281,26.828,118.14,49.062,76.969,36.664,48.656,34.875,78.203
146.09,25.594,79.469,30.094,59.469,129.03,142.69,55.094,86.859,25.938,55.5,123.41,42.609,50.141,30.5,56.344,100.88,143.97,38.75,56.781,55.344,93.844,43.234,46.531,44.766,126.75,28.203,61.781,80.859,52.922,56.844
140.67,29.047,90.5,31.938,130.58,154.88,89.969,46.328,85.594,25.273,26.469,136.69,55.797,69.922,35.453,21.875,61.875,124.58,38.547,40.891,41.297,70.578,43.234,88.953,45.844,81.219,47.734,63.203,85.641,63.922,40.359
128.84,33.609,97.203,21.188,128.2,165.91,58.5,43.062,61.625,26.141,50.125,128.5,86.531,58.969,41.641,27.562,84.531,129.83,89.406,37.273,45.531,44.289,47.766,43.75,49.125,104.44,33.031,53.328,107.78,63.328,34.234
60.203,32.109,66.156,28.078,55.875,75.625,57.688,45.516,76.406,35.219,66.703,127.81,38.875,31.969,44.734,57.156,122.47,110.44,43.016,65.734,54.109,21.68,70.344,50.781,40.641,76.125,41.094,40.922,98.609,38.75,19.656
114.34,93.156,102,28.188,53.312,64.969,45.594,46.031,147.14,24.797,29.766,30.531,53.688,36.422,86.281,57.438,131.95,27.047,100.55,36.156,38.375,51.75,36.797,35.297,54.203,88.719,67.125,42.75,55.188,31.875,68.047
79.281,61.406,46.844,27.141,62.609,75.641,24.469,62.656,103.39,19.672,36.875,40.281,65.188,37.938,49.758,133.44,93.844,34.297,148.41,32.5,37.062,45.625,66.734,93.328,48.828,53.109,51.219,50.047,113.75,40.734,65.156
56.344,56.438,63.562,29.156,47.125,86.312,30.25,49.5,96.688,19.734,43.047,44,80.766,42.266,67.719,78.781,133.95,31.938,116.39,35.297,55.812,68.703,88.844,133.22,32.359,44.016,47.031,40.75,135.97,70.891,63.578
61.719,36.469,78.844,80.672,41.594,103.5,114.72,138.69,62.469,36.938,42.969,86.781,45.031,71,55.5,161.52,141.34,54.406,61.562,57.891,71.547,44.594,80.359,26.703,80.797,77.141,78.547,37.812,58.531,52.914,42.047
85.891,37.391,69.203,26.453,80.281,62.875,53.875,57.641,67.25,32.484,31.266,102.25,75.969,25.344,56.297,71.531,147.56,118.38,42.672,56.203,56.203,26.266,66.203,45.297,26.789,93.375,24.219,34.594,59.844,32.047,40.172
78.656,44.312,66.703,105.56,40.422,90.188,119.59,176.27,46.141,50.656,53.062,154.61,35.281,57.453,51.266,104.45,133.5,61.547,86.609,62.594,71.688,53.516,127.33,56.484,71.938,79.797,74.156,64.312,53.75,50.891,58.656
114.03,94.547,54.281,41.047,148.28,63.719,195.56,82.75,40.75,70.469,38.562,129.3,143.48,160.25,97.609,50.969,110.42,61.078,36.016,75.531,79.312,27.375,87.531,62.234,56,78.672,55.016,30.281,52.141,60.281,30.281
66.125,46.031,51.906,136.89,134.44,92,151.59,127.27,53.734,176.22,31.984,97.188,85.234,28.656,62.766,82.656,236.88,76.391,52.234,51.297,30.25,30.969,73.625,74.234,35.281,76.469,48.188,76.047,65.25,104.84,71.078
128.47,170.72,151.66,59.969,32.016,35.656,40.812,32.609,132.61,64.422,38.18,33.047,103.7,60.734,34.391,31.625,109.23,76.719,55.359,44.688,31.109,18.594,66.672,63.953,72.984,74.984,28.906,78.734,79.844,36.859,77.641
121.91,184.69,94.906,73.688,28.141,41,44.844,30.688,160.09,56.188,51.125,33.188,100.7,37.234,52.703,66.344,83.984,75.359,55.094,79.359,63.844,25.922,95.859,28,71.375,59.688,35.422,69.438,75.219,52,110.84
79.469,29.141,50.5,144.73,145.84,87.844,177.16,139.2,68.109,203.86,34.5,99.734,60.078,31.688,44.422,86.078,222.91,77.531,36.234,42.062,41.656,36.781,108.53,56.828,53.484,74.703,35,61.422,50,141.25,71.75
112.78,33.219,50.344,105.03,186.78,92.766,196.56,60.562,26.969,86.406,26.234,126.19,143.53,55.531,55.031,205.69,180.28,130.78,48.922,41.344,23.938,39.078,93.188,49.172,62.281,54.094,23.328,55.328,48.938,89,114.22
148.66,69.984,30.578,67.922,194.58,85.844,187.62,56.016,27.734,72.5,34.172,111,53.25,60.266,40.188,128.45,184.09,100.53,28.969,80.984,28.547,46.156,87.75,67.016,67.719,115.08,61.141,49.406,48.703,204.8,58.844
78.953,79.359,60.781,52.68,136.48,52.812,120.41,84.75,60.781,61.938,48.547,75.797,148.2,137.09,121.12,39.469,92.359,82.625,52.703,76.922,40.797,58.453,49.656,34.938,34.266,58.844,39.875,47.453,55.734,50.156,45.422
109.62,178.62,38.5,30.609,33.484,55.438,25.375,29.984,51.922,72.844,35.516,50.062,68.812,42.25,29.531,116.86,87.812,84.453,79.391,22.109,44.969,89.125,66.516,186.75,98.016,92.344,23.641,65.266,74.969,114.59,50.375
60.594,89.906,65.516,133.56,41.328,177.88,159.28,245.47,63,54.289,79.172,108.47,42.109,129.81,81.5,75.062,104.98,64.938,267.09,66.734,77.344,48.5,77.875,92.516,49.094,166.78,68.578,98.703,137.78,26.109,55.75
179.56,151.03,116.88,16.594,37.734,52.906,57,31.016,56.953,83.453,63.195,60.375,98.297,67.734,36.375,62.906,53.922,71.484,120.92,40.328,37.477,91.812,80.906,71.047,36.688,63.75,26.344,81.797,72.484,26.078,75.672
143.44,144.48,73.844,69.516,29.797,50.609,54.172,27.953,82.641,64.453,38.312,53.391,61.453,45.906,31.781,150.53,91.984,56.266,78.203,49.547,33.781,37.484,78.672,41.5,161.12,72.156,50.781,96.719,86.016,44.703,100.81
193.78,105.3,44.188,41.523,74.578,101.97,61.969,43.344,40.359,50.703,105.11,71.125,48.734,61.781,71.062,81.219,91.781,98.156,44.047,32.711,54.531,69.609,59.422,65.781,92.5,65.188,91.875,75.234,181.91,53.328,69.125
64.672,79.312,59.531,109.23,81.305,74.969,159.78,54.391,51.938,73.953,50.562,43.031,47.016,52.75,58.281,211.67,169.81,127.72,71.516,30.422,75,25.047,66.844,89.312,73.938,65.438,96.438,117.19,180.58,30.375,31.656
111.19,30.266,117.23,30.578,103.19,44.578,213.78,148.84,65.531,170.61,44.25,196.02,70,39.188,38.406,73.422,123.31,106.67,32.797,80.062,40.688,36.953,118.27,69.484,45.297,65.953,75.734,40.406,135.19,34.547,40.422
145.22,38.016,76.844,41.297,158.34,63.703,243.75,101.75,133.89,133.61,26.562,195.7,64.688,37.75,34.672,128.8,215.09,172.7,25.422,55.938,46.812,35.047,140.5,61.641,100.53,58.812,32.375,39.75,76.734,24.062,31.531
159.59,31.453,50.047,85.875,185.66,82.781,173.69,53.141,66.5,72.938,27.656,172.95,66.906,26.953,44.688,151.66,211.59,144.03,50.281,36.078,23.766,36.406,142.88,35.625,68.484,56.406,22.156,37.609,63.594,170.42,53.438
224.86,86.969,38.234,118.62,227.33,57.234,189.88,75.656,34.203,58.031,40.094,135.94,97.875,50.266,48.594,203.03,146.41,166.66,48.281,51.781,21.438,34.734,129.94,41.719,34.969,55.531,22.219,40.266,57.625,69.5,137.59
57.047,97.859,37.203,59.062,201.2,80.75,43.031,169.33,61.938,53.375,38.969,91.812,108.28,150.88,122.3,58.125,118.64,74.828,61.25,59.344,59.797,34.133,31.328,51.219,124.72,68.688,24.984,41.406,84.344,28.594,66.172
114.66,124.78,44.547,20.391,32.078,64.156,71.094,24.484,76.719,46.547,29.359,58.266,137.52,43.562,44.328,88.297,92.875,103,47.719,56.719,59.938,18.031,57.578,169.7,61.125,63.594,38.703,102.06,93.078,47.438,42.875
171.23,142.14,193.78,29.891,98.047,36.656,42.25,109.44,51.594,55.516,98.906,198.59,44.359,28.766,45.719,50.547,133.92,56.703,69.016,51.156,94.094,45.031,50.578,114.42,45,125.38,60.469,60.109,91.719,61.797,54.656
166.64,32.453,110.08,33.078,117.89,49.984,207.62,157.3,50.875,130.64,59.5,216.38,91.25,34.156,66.406,49.578,85.391,87.859,25.547,48.656,73.609,58.719,113.25,84.766,68.266,114.86,60.484,53.797,77.125,23.953,30.078
79.891,36.047,38.234,67.781,60.312,84.453,157.09,50.578,54.188,61.758,47.188,66.844,55.758,73.797,95.953,83.672,156.94,45.5,82.328,26.281,57.375,33.438,75.141,58.141,40.078,105.34,40.875,103.3,164.7,26.422,65.422
162.56,156.72,156.39,30.109,141.72,35.125,33.188,99.672,51.406,58.375,58.469,174.91,62.75,36.297,41.406,32.328,112.58,49.562,66.781,45.656,108.03,92.359,55.875,54.641,66.016,45.75,54.984,58.859,94.172,44.438,55.891
40.219,61.688,35.359,45.891,113.81,57.625,32.5,82.953,34.812,72.969,42.188,76.969,165.45,122.09,178.94,143.48,139.94,71.734,26.766,63.625,19.172,47.266,21.297,61.578,59.531,33.859,69.125,56.047,60.828,119,101.25
100.92,33.297,183.22,43.062,77.516,84.781,99.859,43.062,55.016,37.953,132.8,35.344,52.25,56.156,70.547,94.422,155.31,57.594,41.953,35.375,61.141,61.594,37.719,140.59,65.594,55.547,95.469,104.12,186.14,35.641,54.781
151.64,89.172,72.797,42.969,58.469,62.477,174.22,113.5,51.844,76.969,23.078,186.75,93.531,28.641,34.062,42.281,150.73,68.469,80.734,24.797,97.234,54.438,52.656,33.891,78.516,45.328,73.562,42,129.77,55.562,36.672
68.438,63.109,61.578,39.234,164.67,39.422,23.633,81.688,31.016,52.094,25.656,57.188,67.172,135.31,111.7,47.375,99.703,74.703,72,50.469,16.453,43.469,58.703,62.914,47.828,53.391,37.375,15.328,74.078,17.125,88.875
37.75,73.781,65.5,48.312,94.219,49.781,32.156,75.891,38.109,89.25,40.469,92.094,149.44,121.69,132.44,110.28,164.09,76.125,20.688,53.359,61.5,76.344,16.953,61.094,64.422,47.219,67.016,29.984,48.109,182.31,73.75
99.719,69.281,231.38,14.891,63.828,77.125,74.062,55.844,55.938,89.266,103.41,30.906,51.984,98.219,46.344,34.047,75.531,42.453,42.672,20.078,69.719,67.75,87.938,58.438,80.953,55.672,55.984,111.75,69.5,52.633,33.844
127.34,37.672,75.281,38.328,41.188,138.75,96.344,36.203,34.109,54.5,61.734,43.266,53.641,56.508,49.922,58.969,151.11,102.98,44.984,22.453,97.547,36.219,51.078,59.609,64.344,50.328,62.516,97.562,114.67,38,69.555
139.33,73.484,71.125,39.406,65.344,61.547,199.66,104.03,49.078,95.547,31,173.59,102.84,54.812,30.984,52.297,131.02,55.031,35.062,71.016,110.75,47.891,60.625,56.805,82.078,65.812,88.562,24.781,151.33,46.062,26.375
120.3,46.25,80.406,32.984,67.781,42.234,182.25,114,42.875,77.047,21.469,135.33,73.359,70.453,34.297,53.812,121.97,65.375,32.625,39.516,46.531,53.312,59.781,47.078,42.219,103.61,53.141,35.125,117.55,50.797,69.172
137.77,25.367,63,28.406,89.719,49.672,181.16,75.875,32.391,104.7,17.773,107.47,33.625,50.141,51.719,60.922,104.55,96.062,30.391,54.562,32.547,27.234,83.797,22.531,44.375,113.91,23.391,45.156,63.719,29.125,78.406
149.05,31.641,98.062,31.375,104.69,23.953,103.28,64.859,26.453,49.781,20.406,90.281,51.016,41.234,28.938,61.969,93.516,124.88,32.016,51.484,31.531,40.953,67.422,33.789,45.344,104.02,25.641,30.312,70.484,66.75,60.031
157.75,37.453,77.531,52.109,130.73,33.406,73.25,125.5,25.078,93.531,25.344,175.22,52.203,46.062,52.812,41.391,118.31,133.97,54.703,50.766,82.25,34.672,99.812,27.469,45.359,65.781,23.125,23.5,59.5,18.719,67.859
30.406,75.922,72.453,29.281,96.797,41.438,26.719,72.547,38.938,56.188,34.891,126.59,125.14,112.59,60.328,61.891,131.89,104.55,15.812,53.875,94.656,65.953,14.062,70.219,83.891,60.562,53.516,30.312,26.406,201.19,58.703
62.719,95.531,64.922,121.19,42.859,31.266,22.688,85.828,47.828,44.219,55.719,36.016,95.531,54.875,62.062,63.656,56.312,37.062,44.641,26.812,119.69,71.719,17.109,44.516,42.828,80.359,46.25,39.734,49.109,21.297,27.656
56.406,146.67,112.45,33.703,82.016,43.125,113.31,58.203,53.617,33.672,86.516,70.328,28.875,121.7,57.422,68.094,172.53,137.56,44.031,27.344,169.31,23.438,26.688,45.812,42.391,74.312,185.98,40.375,17.078,38.773,51.156
43.188,63.922,55.031,22.797,90.281,24.562,26.969,43.5,48.844,40.859,24.328,107.27,116.16,100.81,33.312,50.672,94.25,114.67,16.188,60.375,54.172,58.75,15.797,99.625,105.03,58.938,86.031,17.312,43.828,201.28,47.547
36.891,48.781,33.625,20.297,81.781,19.742,14.984,64.328,21.859,31.391,49.953,42.391,47.172,95.531,25.406,57.156,47.922,62.312,17.438,55,45.578,25.516,17.047,45.156,81.734,66.25,111.84,13.172,55.594,102.31,34.391
24.234,73.031,76.734,35.172,58.625,51.828,11.984,40.797,23.5,69.188,57.234,45.969,31.938,76.953,40.062,39.906,58.938,38.938,34.5,54.469,61.453,43.539,15.203,18.531,62.062,29.203,129.77,22.547,33.25,18.531,24.047
70.453,109.84,24.281,21.312,74.906,80.609,90.312,57.312,60.156,34.109,92.969,37.312,25.969,118.06,31.5,41.969,67.656,104.64,54.438,70.797,159.42,26.172,24.359,54.375,117.77,98.75,191.28,26.766,17.172,45.594,53.766
104.03,150.06,81.359,76.734,62.516,27.047,223.19,62.562,66.438,63.594,44.438,165.31,66.609,62.5,89.344,54.031,77.5,78.156,91.281,81.344,111.92,61.641,98.859,64.578,52.125,59.969,47.188,33.062,44.547,94,63.062
178.12,55.578,42.938,24.703,87.453,42.812,19.117,60.188,38.828,34.422,67,105,61.484,54.172,76.828,122.62,102.17,89.109,49.516,85.031,49.125,41.281,107.89,35.891,36.812,42.203,31.25,52.547,61.688,81.656,80.344
130.38,126.42,165.44,30.625,153.59,35.672,20.148,73.922,64.281,26.703,21.125,120.31,26.203,77.562,92.219,97.141,126.11,89.969,37.844,34.797,29.719,67.047,108.56,45.664,37.148,40.719,37.016,21.781,22.156,49.328,49.922
113.42,54.422,84.344,25.953,169.62,61.625,31.312,94.281,47.906,50.812,25.25,62.75,77.453,130.17,69.547,48.938,157.64,127.47,19.406,97.688,66.734,42.75,42.062,43.734,39.828,68.969,62.766,25.242,60.5,16.25,69.734
46.656,72.578,57.422,60.953,78.125,26.539,32.609,60.047,61.469,28.031,29.688,128.19,141.86,145.45,55.391,66.75,146.22,146.95,16.828,44.469,59.906,77.359,20.109,72,87.172,59.453,71.547,33.82,30.18,178.28,104.23
29.703,55.438,41.344,33.422,52.359,20.156,17.672,39.188,38.688,38.156,59.359,94.906,118.72,107.03,41.547,73.547,80.875,111.08,21.766,48.781,59.406,49.125,19.172,83.312,84.828,36.438,83.5,40.547,39.969,173.44,77.078
31.359,70.68,73.359,39.516,60.656,38.875,20.531,39.938,41.25,20.312,35.984,34.797,30.438,50.438,37.812,42.188,68.688,25.062,30.953,44.422,40.828,42.125,18.812,19.32,56.078,48.359,97.828,44.094,38.625,43.703,31.641
133,74.062,28.078,16.453,59.812,31.578,17.406,67.891,26.359,62.586,52.078,25.359,20.094,48.156,21.797,38.508,90.484,33.531,87.297,34.578,106.19,27.859,17.188,28.25,98.078,42.641,73.969,74.312,64.703,35.031,47.219
78.859,76.5,111.31,50.547,64.562,32.75,170.38,56.469,19.344,26.797,43.625,58.5,40.828,66.859,66.547,105.5,82,86.328,168.95,65.078,96.375,44.094,110.09,53.344,57.75,40.531,63.984,24.781,43.922,61.891,29.844
134.03,41.781,92.578,37.172,76.75,51.766,42.969,93.547,55.125,67.016,85.031,220.88,70.656,62.438,42.688,60,152.39,105.5,46.672,82.031,65.75,58.766,145.75,61.484,52.344,64.984,101.86,37.484,132.03,36.812,52.75
154.88,54.578,73.375,26.953,92.062,50.953,43.344,90.125,22.219,36.297,62.719,158.52,42.672,90.781,124.48,38.172,103,107.84,72.344,61.328,41.156,27.375,121.78,36.109,36.859,39.859,40.57,22.625,117.66,37.188,53.875
42.789,57.195,63.297,41.594,55.984,16.922,22.641,31.938,31.75,41.344,49.516,33.484,84.062,63.469,26.219,103.78,52.891,88.297,21.891,58.75,33.141,43.422,23.047,42.125,71.844,40.703,97.422,47.516,45.5,36.219,34.438
40.609,59.227,79.781,59.891,79.344,36.656,22.438,33.094,25.297,19.266,57.375,54.305,96.281,61.625,30.078,48.578,125.97,39.547,32.891,59.594,29.25,38.594,18.453,27,77.672,46.375,95.188,35.547,37.5,66,18.938
57.344,34.719,33.281,36,58.891,34.625,27.25,116.36,67.156,20.016,15.078,36.031,20.406,42.031,67.938,88.797,55.812,73.75,37.25,34.875,45.906,23.43,11.062,21.922,57.172,61.188,36.172,21.969,45.594,41.938,54.25
103.83,66.016,120.97,19.75,50.203,25.766,101.91,23.609,13.375,53.531,40.312,30.062,51.656,68.594,30.312,43.594,120.17,27.312,121.59,45.812,80.188,52.422,71.422,47.312,67.375,49.094,58.516,26.344,52.172,61.375,29.906
169.59,62.375,114.67,47.422,75.938,38.906,35.039,157.22,23.867,55.594,48.906,179.98,47.281,64.688,83.344,46.672,146.61,101.45,42.578,73.766,91.484,65.172,110.19,47.656,46,113.17,47.203,25.406,50.359,33.844,36.125
139.19,52.102,78.672,25.328,138.52,70.031,76.766,64.281,57.75,51.969,26.906,45.203,49.594,72.969,69.531,191.31,133.67,131.53,38.156,83.609,58.562,31.344,53.234,35.969,40.031,90.625,55.469,47.672,62.266,22.633,73.484
94.141,58.656,54.266,41.172,79.812,39.328,19.969,38.906,61.953,49.266,52.328,81.906,164.23,121.98,22.125,110.7,101.03,130.41,30.969,43.375,30.438,40.188,22,46.281,58.078,57.312,93.547,73.406,28.031,148.53,44.203
39.75,61.953,60.672,11.953,56.688,26.141,24.156,113.73,45.672,41.594,99.406,62.391,12.445,43.516,31.062,62.297,50.953,33.812,69.516,117.53,37.984,40.891,44.766,142.02,86.656,101.69,126.06,39.469,71.141,24.297,52.5
53.062,81.734,38.828,52.242,28.953,35.312,159.19,37.164,30.797,18.188,52.516,78.625,49.672,59.438,48.234,169.73,133.77,32.062,61.672,58.484,58.344,78.844,52.391,76.578,99.844,126.12,30.688,47.75,89.828,47.812,84.031
65,50.109,87.453,23.281,28.156,36.352,51.078,38.719,32.672,61.578,45.406,25.219,37.594,72.625,32.469,55.172,133.41,75.016,113.45,42.875,76.906,25.438,61,52.172,71.328,155.72,48.531,18.5,71,87.625,36.625
62.922,55.781,47.938,18.156,85.016,71.266,128.44,51.812,40.672,58.297,83.125,75.531,33.703,40.406,34.297,54.203,55.219,52.422,133.5,36.344,56.734,62.672,89.031,54.688,47.438,112.47,42.016,20.578,56.125,50.031,15.266
57.094,35.484,52.922,35.547,64.5,56.438,48.891,106.19,45.125,39.781,37.938,124.64,55.766,30.906,39.266,59.484,78.812,57.453,92.25,43.734,29.828,55.719,98.125,48.609,55.094,127.28,29.344,19.031,52.977,34.312,18.375
145.39,38.844,98.938,40,68.516,37.891,29.297,92.297,23.766,65.797,30.344,151.19,55.609,25.969,62.359,46.188,139.31,88.531,37.156,82.047,52,38.594,108.66,44.766,46.016,96.719,25.781,56.188,51.656,33.109,42.875
165.44,146.12,123.05,52.445,81.719,23.938,48.984,79.359,47.5,23.141,29.25,46.844,33.375,78.375,55.188,100.47,88.188,230.59,96.922,73.266,57.516,24.297,71.094,33.703,111.72,62.344,48.25,65.609,59.094,28.609,117.5
89.359,76.172,65.812,56.016,68.484,30.938,25.484,30.203,37.406,41.656,57.281,58,158.95,108.8,26.609,79.672,104.33,151.19,22.875,61.016,25.062,28.398,16.969,46.688,42.828,52.656,89.859,56.188,31.656,112.66,58.406
51.125,92.672,75.156,46.297,62.406,17.188,28.531,63.422,20.547,28.75,32.328,34.359,83.062,61.5,54.953,72.766,118.22,153.19,43.438,97.016,30.125,27.617,18.609,38.094,55.375,82.469,108.58,40.344,34,19.141,30.984
65.297,115.58,56.547,34.273,44.375,16.156,27,64.594,30.547,33.258,29.641,27.672,51.031,28.906,26.141,64.719,99.234,72.938,67.031,70.109,27.547,32.453,15.812,27.078,49.5,59.484,46.469,17.219,33.156,19.109,72.969
74.344,81.703,25.406,40.133,42.25,66.797,143.39,36.953,39.359,19.781,49.469,95.234,46.406,62.906,74.469,153.7,100.11,33.008,54.781,23.984,41.828,35.734,44.688,60.984,86.547,90.906,36.695,60.016,77.094,42.25,51.742
64.5,91.25,58.328,25.969,43.391,22.812,80.859,42.75,26.609,49.859,58.438,35.297,29.625,81.156,28.516,68.406,144.62,47.625,127.25,51.172,135.2,20.609,48.281,48.562,67.797,150.5,39.141,29.078,81.734,90.812,41.344
65.297,48.406,89.656,17.312,59.625,24.656,115.14,37.594,59.047,45.719,41.984,61.172,35.328,39.859,28.703,45.438,37.312,39.281,47.25,36.609,102.28,48.484,129.92,47.156,56.391,97.125,58.562,32.406,51.477,94.25,31.375
66.781,55.812,52.25,30.422,47.891,45.961,22.203,117.62,18.484,33.547,36.359,85.234,40.234,23.922,30.344,49.469,92.375,57.344,57.703,76.484,23.312,78.641,35.938,32.969,42.75,55.586,27.922,25,49.047,41.25,29.062
147.09,151.03,110.19,33.672,109.77,25.281,17.297,76.094,35.094,18.125,24.188,56,37.062,40.719,44.625,126.34,85.562,142.22,47.281,62.031,56.438,26.922,48.328,37.547,93.859,79.859,61.047,53.328,41.047,24.836,91.625
146.67,37.922,72.594,37.219,93.797,43.234,47.141,58.547,66.984,23.422,52.82,64.641,75.469,67.297,43.648,93.578,117.73,81.469,57.406,48.25,29.078,38.125,23.734,32.375,143.12,55.609,42.406,49,104.7,17.906,68.203
52.812,66.578,42.453,14.332,22.578,36.141,22.484,59.656,83.703,35.969,150.42,78.297,18.148,27.703,45.047,48.094,106.19,62.547,56.125,153.66,77.594,43.922,56.578,158.75,68.25,134.09,58.031,26.625,88.875,40.391,47.188
99.531,79.391,64.141,59.188,56.547,34.531,27.219,86.344,54.344,27.859,33.031,52.812,173.23,67.516,40.812,50.328,96.328,153.2,26.844,84.25,25.125,34.781,25.531,99.5,44.047,67.344,66.719,26.359,36.141,104.84,30.688
115.69,131.14,42.719,45.312,68.344,30.375,28.328,107.09,56.391,70.609,17.203,77.547,74.312,40.406,72.859,28.102,113.06,160.09,54.656,50.406,46.266,21.781,24.922,30.047,53.953,59.984,91.734,21.219,29.609,20.375,111.44
120.66,102.64,97.812,71.406,39.875,138.47,84.125,24.922,39.297,46.812,65.328,50.766,30.219,38.734,37.344,113.78,80.391,34.062,28.688,25.938,54.594,29.609,23.625,83.609,44.484,78.922,57.484,35.734,29.172,37.125,25.578
46.062,73.656,50.703,138.28,143,26.609,65.328,37.516,85.703,38.25,76.25,76.438,31.875,41.141,47.938,122.67,66.641,89.844,64.984,54.812,58.719,65.734,83.656,66.234,106.34,195.88,33.922,46.703,74.578,46.016,66.016
54.188,92.234,50.828,25.547,51.047,23.391,114.52,32.562,36.719,46.703,63.047,34.188,33.891,82.906,35.094,41.75,89.375,97.984,154.75,48.938,142.86,19.922,57.953,53.797,55.359,46.125,40.344,56.672,92.875,116.7,56.141
35.094,38.422,45.859,30.859,66.734,33.719,15.734,126,42.312,61.906,44.172,67.422,25.969,28.781,32,41.859,63.562,22.406,22.531,22.906,28.828,58.469,60.812,33.406,53.797,38.484,46.281,16.641,52.086,53.25,22.828
165,48.031,95.688,36.016,70.938,25.461,23.906,63.438,85.406,20.953,33.516,89.297,144.56,93.609,42.703,108.03,97.266,142.38,62.578,82.641,48.531,39.266,40.922,68.609,53.891,60.172,53.719,19.094,50.562,172.59,22.922
114.75,47.625,100.88,39.781,113.95,22.312,32.828,47.516,88.125,18.828,31.047,81.25,34.969,51.812,40.516,36.438,35.938,60.703,81.312,44.609,32.297,28.75,30.375,55.719,53.812,80.625,69.016,18.438,57.156,23.609,24.734
96.312,82.344,114.38,15.297,48.031,121.45,104.92,58.5,57.031,44.375,44.344,54.188,20.109,51.875,41.297,76.453,110.91,46.859,30.531,26.547,45.406,39.312,36.406,53.75,62.609,56.422,70.344,36.219,139.84,43.438,32.82
190.47,53.75,70.781,61.406,58.422,22.047,17.656,107.77,54.266,26.047,35.531,50.609,30.188,77.422,68.375,160.33,119.44,93.641,47.047,93.609,40.219,24.109,90.969,24.047,57.25,52.672,27.75,66.047,37,121.22,81.234
157.06,73.875,77.719,49.594,88.609,21.75,48.062,94.266,42.938,24.625,37.781,80.531,36.562,50.156,38.609,55.719,95.625,144.38,33.328,44.125,39.344,23.922,63.766,21.656,104.09,95.016,70.734,36.656,32.391,48.438,115.72
124.69,62.078,71.688,30.031,165.73,20.719,30.234,65.234,42.734,43.172,37.562,82.234,41.938,55.203,110.83,144.41,122.16,168.12,67.875,94.656,38.016,27.844,43.984,28.594,90.578,74.875,75.938,25.984,64.703,38.641,61.984
55.844,55.375,87.172,33.953,86.766,54.734,43.625,73.031,32.547,39.547,30,51.891,119.88,44.875,31.094,64,130.62,119.94,52.125,51.25,30.562,53.281,47.781,31.688,104.59,144.39,38.047,58.562,60.219,16.938,93.156
73.25,70,30.359,27.383,85.75,19.703,33.312,63.719,52.547,24.172,30.906,75.734,42.438,44.297,53.141,84.125,73.078,146.53,22.031,54.469,21.234,35.156,15.453,19.562,81.422,66.469,52.141,24.438,62.328,15.797,33.422
104.72,76.562,30.422,15.066,19.047,43.531,29.516,25.766,14.203,21.359,74.734,82.156,13.828,27.438,40.391,40.961,73.328,98.281,26.922,24.203,109.22,30.859,89.125,76.578,96.453,167.06,90.453,39.562,37.594,35.297,41.203
65.406,72.031,94.141,21.828,40.125,99.703,142.92,35.859,67.234,46.922,31.75,39.461,27.156,33.781,63.297,58.125,65.406,46.781,28.625,26.609,27.641,19.984,23.891,53.922,79.438,38.188,81.469,49.281,104.16,45.953,34.312
56.594,74.547,61.391,47.484,58.531,69.125,86.234,34.141,68.266,60.422,75.438,106,42.297,57.875,199.95,190.47,77.984,77.406,80.109,104.81,60.25,138.06,48.672,45.422,130.2,185,54.469,90.344,92.234,62.172,55.031
160.11,52.766,149.28,35.594,88.688,25.266,38.828,57.516,50.109,48.578,25.578,125.22,133.08,29.5,74.094,48.594,142.86,189.61,70.312,63.156,31.094,40.984,20.531,77.719,69.797,107.06,44.641,94.422,51.547,43.641,86.25
49.891,34.148,126.02,37.484,80.141,62.234,44.359,83.391,24.859,58.062,39.375,53.984,169.59,39.562,64.594,55.094,99.406,100.22,48.281,64.562,31.938,32.016,32.484,48.891,110.33,45.453,63,79.938,39.609,18.094,72.25
94.172,65.484,24.641,40.484,47.812,26.594,46.859,72.211,33.766,34.984,47.188,51.859,70.328,123.31,39.141,32.812,107.45,97.312,39.672,34.578,30.281,47.047,74.797,34.234,119.19,61.062,152.66,89.719,90.891,15.328,45.672
85.062,60.516,15.844,36.352,54.094,15.703,41.984,46.453,56.312,35.812,60.094,45.406,74.094,59.531,38.094,46.406,92.078,135.09,23.578,54.109,19.062,42.422,59.156,33.656,119.69,64.781,57.812,28.828,52.922,15.328,34.531
105.52,50.984,35.25,41.734,116.73,28.359,27.516,51.281,75.641,36.875,52.078,28.688,43.266,73.25,42.625,81.797,25.656,34.141,65.781,41.766,66.484,25.656,15.406,69.156,67.641,92.016,46.359,37.984,41.188,31.219,36.75
58.297,56.906,71.516,88.875,104.98,26.051,55.484,42.453,39.453,35.031,51.281,38.734,35.781,27.867,31.609,64.672,55.547,60.344,120.38,44.305,134.86,26.656,99.797,52.016,77.938,41.797,38.375,38.062,62.766,118.64,17.344
36.062,47.656,41.406,48.016,139.12,28.953,12.875,88.812,61.688,51.875,26.703,54.25,29.25,29.656,30.438,40.281,80.094,61.531,111.83,56.859,24.281,19.938,37.25,76.578,49.125,92.25,79.109,34.656,53.125,65.703,18.531
43.609,30.188,47.328,63.062,133.73,25.523,12.234,103.59,83.609,58.625,36.531,52.344,28.531,21.562,41.75,45.5,110.12,45.656,120.83,57.594,18.156,67.828,54.531,88.453,31.641,67.922,48.406,20.531,73.297,45.719,15.609
212.38,32.25,90.672,45.547,45.273,76.656,16.078,122.22,62.469,45.938,30.453,80.984,33.625,77.828,35.484,109.09,48.938,82.062,68.75,48.984,69.5,33.672,72.484,47.273,65.828,30.891,39.719,55.578,97.062,41.031,74.688
174.25,32.5,103.66,51.922,92.812,20.406,24.711,70.047,38.719,58.219,45.141,95.75,41.422,88.766,52.297,78.734,112.27,220.34,154.34,51.828,70.531,35.75,31.641,66.984,62.219,78.016,92.594,22.625,66.484,96.031,47.969
133.53,69.562,94.844,50.969,81.438,38.047,37.625,63.297,57.688,50.469,41.797,122.19,182.09,43.438,36.469,99.016,121.61,240.77,91.406,48.047,29.438,51.062,30.875,55.109,73.484,122.73,57.844,119.91,53.016,43.828,74.562
48.734,63.406,46.031,31.828,89.781,43.797,46.906,73.578,56.656,26.719,41.422,70.719,176.28,87.484,45.781,32.594,76.531,137.81,62.844,57.234,42.641,39.438,44.484,56.875,116.44,135.39,76.359,63.188,80.703,18.844,67.5
99.734,99.453,26.891,26.078,186.16,40.859,34.312,82.734,49.797,57.875,70.297,69.125,27.172,95.141,115.95,99.828,19.703,51.516,59.609,21.812,74.938,21.172,17.312,33.656,50.18,158.34,136.16,34.938,103.75,20.922,60.531
98.484,20.594,65.531,49.055,160.88,26.453,14.312,80.484,72,36.75,19.109,46.953,26.625,25.078,51.031,57.125,129.75,39.656,75.484,58.984,30.672,66.297,55.906,98.047,28.578,104.12,58.75,20.859,63.641,41.625,20.281
51.016,47.578,144.98,39.125,107.75,21.406,18.969,52.719,48.562,26.648,33.75,91.094,34.641,38.938,54.109,28.5,114.53,43.203,59.75,85.578,63.125,15.32,42.078,94.609,26.391,89.875,17.031,61.062,69.109,27.25,16.375
173.33,68.969,52.656,47.094,73.438,27.141,43.156,50.359,127.3,31,46.453,81.141,66.406,59.047,35.594,38.391,104.81,112.31,43.234,39.375,17.078,46.625,76.219,29.953,75.438,116.39,31.344,32.188,121.41,18.328,76.438
121.53,67.828,43.797,17.789,28.438,35.625,32.484,19.297,42.219,152.95,55.219,51.828,25.383,64.672,115.08,44.578,92.844,37.609,27.312,105.72,47.406,43.844,73.609,54.281,37.688,62.219,56.547,138.58,78.25,61.062,29.25
108.88,88.164,62.547,21.578,35.75,30.688,115.58,33.375,58.453,59.125,41.812,47.094,30.5,42.438,134.91,60.234,59.234,62.875,31.25,60.641,28.5,24.422,23.641,64.461,175.91,119.56,79.672,109.73,77.672,62.703,55.664
60.516,16.406,66.312,20.109,130.91,21.352,32.062,80.219,80.125,26.469,13.016,71.656,24.094,25.391,23.969,76.547,151.22,50.062,43.266,59.781,22.047,46.625,42.547,56.375,58.312,95.406,61.438,18.656,62.844,41.609,27.281
107.25,36.5,116.7,80.906,65.422,20.234,26.703,20.969,30.297,26.406,68.812,58.984,128.94,66.703,39.75,47.328,143.38,158.72,42.422,44.641,80.656,22.984,60.859,43.766,37.172,97.875,57.344,23.719,35.547,156.44,50.422
71.875,98.594,33.125,40.852,58.656,35.172,45.578,64.688,67.375,32.406,50.891,104.25,147.47,57.938,50.156,23.938,192.48,72,43.156,120.38,29.281,63.062,73.781,77.969,110.23,50.281,38.484,41.156,61.172,94.203,83
25.781,94.047,38.906,25.57,120.69,26.734,46.453,82.328,37.391,58.984,33.547,25.328,24.078,34.578,124.67,76.25,48.188,30.711,53.719,82.547,40.156,17.297,43.438,58.562,95.219,112.7,42.375,32.25,112.67,41.906,23.922
110.25,70.219,52.172,34.938,90.844,21.906,32.672,140.81,28.062,30.938,47.281,75.078,26.062,33.453,34.938,97.734,116.88,129.12,59.484,73.891,33.234,23.125,37.766,35.016,89.062,56.422,50.094,28.531,28.297,50.281,106.28
76.656,102.42,36.031,67.117,39.844,25.438,27.969,34.625,44.438,44.328,101.31,81.281,124.61,31.328,40.125,72.891,82.656,68.141,23.828,42.266,28.516,45.312,30.281,37.969,114.88,107.17,41.562,27.609,72.641,21.328,159.12
134.67,59.531,23.539,35.75,96.656,45.844,47.312,108.78,61.625,140.02,37.938,36.688,50.766,100.94,41.453,129.59,27.719,33.562,64.219,42.656,92.75,21.734,35.203,73.422,41.844,114.84,64.938,24.859,52.297,17.438,25.094
130.22,89.016,26.875,43.594,118.53,28.156,36.406,143.29,48.234,102.92,60.125,56.594,28.406,133.94,38.344,153.75,37.203,43.438,65.547,60.453,67.203,22.109,28.688,31.922,87.875,178.61,46.188,23.078,82,22.656,41.594
26.328,111.09,27.438,31.641,106.17,31.219,62.203,48.672,60.406,74.391,67.422,31.125,30.297,31.828,62.531,49.562,32.125,27.156,44.75,70.016,61.141,20.656,57.953,60,102.44,109.83,32.469,23.859,136.61,62.453,29.547
30.672,49.047,42.25,122.8,154.66,31.406,42.016,66.625,56.625,91.344,98.938,63.766,30.469,43.453,45.953,163.75,105.95,67.656,35.734,24.594,64.281,72.641,42.266,57.75,65.875,64.406,55.328,36.031,80.547,13.156,117.78
154.81,66.891,100.12,26.242,121.7,22.844,26.391,20.641,44.984,28.875,16.062,71.453,132.59,51.266,48.016,91.938,133.8,91.438,63.859,38.219,58.922,21.984,42.469,35.188,36.906,138.91,49.031,32.031,36.531,143.31,34.953
39.859,90.016,90.703,56.938,77.875,47.891,44.344,57.484,129.56,38.281,42.984,134.28,145.75,69.031,46.859,22.406,52.891,174.19,122.8,33.719,31.125,36.109,29.516,45.797,89.969,53.578,36.156,14.266,155.98,23.5,55.047
111.45,122.88,25.703,41.172,94.5,49.25,75.438,38.719,68.484,133.44,44.18,52.016,44.438,57.266,69.703,63.906,49.297,26.578,52.188,40.828,60.266,29.031,43.25,30.016,43.047,98.969,50.086,30.109,144.7,57.031,34.75
24.391,28.359,53.766,78.609,145.28,60.453,35.656,52.453,49.953,49.812,57.922,48.344,31.562,72.297,67.984,132.16,110.44,73.812,35.203,31.828,60.812,50.203,50,43.781,66.281,62.422,25.906,35.75,101.88,35.781,73.859
46.641,37.781,41.625,151.8,93.297,22.094,52.875,51.594,64.203,44.875,80.594,87.172,23.453,48.188,57.375,87.344,148.08,74.141,59.375,19.969,27.094,33.422,22.938,72.891,107.69,69.938,57.031,30.766,28.625,13.703,129.06
111.92,45.438,57,45.156,107.39,33.609,30.234,51.797,16.492,48.016,47.906,39.375,31.078,48.625,43.984,65.656,54.312,42.812,141.86,70.984,123.89,41.109,41.094,64.703,71.734,56.156,47.625,31.016,100.25,82.656,38.422
171.41,36.078,61.492,40.391,107.48,30.453,18.406,65.812,16.359,73.25,22.75,49.156,33.656,51.531,51.969,44.891,72.062,43.141,102.95,63.438,77.25,41.578,51.734,101.84,70.047,32.219,32.25,31.516,101.67,53.766,25.656
153.56,42.422,76.125,36.734,78.453,41.625,15.203,81.297,81.234,38.391,30.625,66.875,46.172,41.812,38.766,49.938,78,49,85.391,49.172,37.469,27.797,56.078,54.859,52.672,26.906,36.469,61.656,125.39,31.266,27.484
118.72,59.266,123.77,48.953,119.67,51.172,45.391,151.12,26.188,71.469,40.5,163.67,32.438,59.938,43.234,60.375,158.41,109.48,58.375,60.297,55.875,29.609,58.875,39.172,45.031,73.578,27.781,45.938,116.97,56.703,21.594
143.64,51.734,116.59,37.062,83.141,48.938,23.828,126.02,29.516,55.703,19.172,108.69,32.688,46.266,34.906,54.781,126.7,70.312,27.938,76.359,42.906,47.203,42.844,38.484,65.453,37.719,52.078,65.938,69.594,37.25,27.078
116.16,61.57,140.19,32,47.344,29.484,24.906,40.281,41.391,26.281,48.078,38.969,30.516,68.453,45.859,132.38,131.36,148.66,64.703,55.688,40.516,25.859,30.531,56.938,34.172,101.53,50.625,22.047,33.656,90.281,101.8
60.547,148.38,121.53,25.992,156.31,36.453,32.203,43.5,31.109,37.172,18.141,173.47,93.172,124.69,101.08,24.234,178.47,228.81,41.469,79.203,25.047,28.234,58.188,54.375,76.266,26.688,51.594,17.312,104.64,74.031,77.203
51.906,164.03,48.078,45.203,86.594,33.797,24.891,53.141,47.047,60,51.609,127.94,76.75,95.688,25.484,21.312,151.55,89.312,48.266,82.781,40.531,36.562,78.734,27.219,57.312,43.141,73.172,30.609,70.047,43.266,65.219
105.28,206.56,28.781,27.172,57.562,27.203,66.469,41.859,70.875,50.156,57.375,145.34,96.297,78.516,35.859,97.969,49.172,53.938,17.242,82.281,37.984,50.344,60.328,24.688,94.734,121.12,63.766,22.594,180.34,55.047,81.266
49.969,49,46.016,64,122.58,86.828,72.406,44.266,41.484,49.875,52.219,55.75,81.609,60.016,64.297,104.17,83.609,38.781,42.109,31.781,44.797,136.61,26.109,24.594,31.281,54.703,84.188,20.266,99.859,52.078,184.56
126.45,45.812,105.14,42.766,152.22,48.219,46.672,21.922,46.922,98.734,48.906,74.109,21.641,52.609,161.41,182.05,58.266,100.94,68.938,55.625,41.594,56.438,73.406,52.438,256.97,71.469,62.438,56.75,93.844,135.11,92.484
47.266,33.078,58.406,49.031,105.84,24.969,25.438,78.672,25.938,56.266,37.844,37.812,29.266,67.828,27.688,70.766,39.656,151.53,124.05,61.562,37.453,71.547,95.281,50.484,77.141,48.703,49.094,22.328,151.2,40.438,102.62
66.859,58.766,67.75,90.203,122.69,35.125,24.375,45.781,54.391,54.234,38.516,32.203,26.609,65.969,28.109,67.109,54.766,141.41,131.11,56.156,30.234,35,74.781,62.656,113.12,53.781,43.75,29.359,154.95,67.781,40.25
128.31,35.297,136.94,28.672,47.547,20.703,29.766,131.92,48,41.016,38.562,32.859,39.703,122.06,111.41,129.38,112.55,171.28,33.547,67.531,47.578,30.094,50.484,36.219,29.516,152.44,37.797,32.656,47.125,96.844,44.359
75.969,131.73,75.453,33.391,169.64,52.984,43.812,38.312,40.828,30.562,30.484,118.97,94.875,82.188,119.84,55.484,213.16,191.06,37.25,57.547,21.547,32.094,88.109,56.688,132.62,43.375,59.703,13.516,61.5,97.516,69.125
66.438,143.62,157.19,49.062,109.38,35.75,32.812,62.188,44.312,24.984,30.578,137.81,65.844,93.406,206.61,43.953,222.31,135.56,66.5,32.203,18.656,28.219,62.828,31.656,90.781,100.86,70.547,20.031,54.156,61.125,71.438
41.805,32.82,63.062,142.98,133.98,70.578,36.984,46.109,93.094,33.281,51.375,56.578,35.516,43.406,67.125,121.81,37.844,71.875,40.234,28.984,39.531,44.516,50.031,27.219,29.125,64.734,57.281,47.031,114.64,59.406,72.719
68.688,43.922,72.594,178.91,97.297,49.703,53.047,56.656,49.281,31.344,46.922,43.266,17.797,29.969,59.891,79.188,50.656,81.641,43.359,23.109,15.781,42.078,85.281,32.266,21.516,56.094,68.641,21.859,65.828,26.75,86.016
64.625,30.109,64.898,31.539,81.656,20.25,58.828,113.72,28.578,44.828,20.547,23.828,33.406,21.047,32.5,55.297,49.938,43.844,78.453,22.578,38.047,96.625,29.828,18.656,112.92,92.453,28.266,26.719,96.531,16.391,19.625
111.91,44.375,73.609,76.016,49.969,38.734,26.312,40.531,29.875,60.375,22.25,37.609,28.734,36.562,38.438,57.406,58.547,90.859,132.25,52.578,57.5,32.312,45.312,62.938,80.641,127.17,32.625,23.852,105.66,48.766,38.656
148.62,37.953,127.45,27.312,80.562,42.516,29.531,41.211,104.16,32.312,44.188,72.641,31.203,66.156,97.375,137.05,79.391,184.94,74.859,34.281,109.75,38.859,42.031,47.5,65.594,76.906,59.406,28.719,46.969,60.875,34.391
121.06,55.281,155.69,47.641,60.359,17.656,43.938,26.219,71.656,23.594,19.531,85.453,89.516,65.406,108.31,86.797,102.66,115.77,26.922,30.656,28.875,30.141,31.094,38.562,29.406,63.688,48.75,22.156,28.484,110.75,30.797
70.688,95.344,136.94,29.031,85.312,60.188,68.203,108.97,36.312,18.109,19.734,92.953,210.47,91.188,80.688,41.156,113.61,203.91,38.609,24.547,25.531,47.25,73.969,37.312,61.641,78.672,37.5,66.766,63.25,151.75,30.438
81.812,149.58,35.094,49.031,53.703,45.984,22.5,45.625,37.391,44.875,73.75,115.06,74.062,167.7,43.266,66.812,183,73.016,47.547,63.672,19.719,24.281,76.031,31.75,51.844,173.53,50.234,32.484,127.39,54.359,154.34
40.516,162.27,33.312,36.234,107.47,28.672,47.219,52.094,63.969,58,31.078,55.328,39.891,141.81,58.062,92.969,100.55,82.078,58.688,25.078,25.969,83.156,33.516,33.391,65.859,98,92.172,49.453,135.45,20.938,171.44
27.156,56.703,67.469,109.94,55.938,39.812,88.594,66.141,75.078,27.125,26.875,66.891,27.172,57.406,32.062,37.984,33.344,128.97,72.594,23.219,33.719,42.266,38.547,46.797,19.422,106.86,61.031,23.141,39.641,21.125,51.078
39.562,95.922,29.93,29.156,94.188,26.172,58.141,76.031,90,24.25,70.828,60.797,27.656,64.719,61.016,127.66,17.273,84.031,45.266,24.062,18.625,32.062,38.094,37.844,26.734,60.875,40.375,35.625,45.844,15.906,26.781
33.609,136.69,17.516,48.688,108.36,41.281,38.75,49.953,94.891,19.891,65.828,119.33,57.125,67.562,45.445,111.34,34.945,71.203,53.25,19.844,18.516,31.531,32.062,40.719,47.672,65.375,58.75,58.984,60.031,13.738,51.75
75.594,54.281,40.578,29.125,130.36,23.984,50.141,75.984,18.359,85.594,20.031,23.141,34.5,86.859,39.562,59.953,47.578,41.375,145.34,43.422,110.8,36.5,58.078,20,84.359,35.953,39.844,18.406,124.22,114.73,61.375
68.156,37.984,37.75,42.844,52.391,31.547,17.422,63.344,17.188,44.578,21.578,20.453,52.188,81.281,30.453,56.547,53.203,47,107.91,30.875,61.203,30.25,52.359,26.859,66.938,43.188,21.953,18.688,112.83,43.562,29.906
60.281,53.797,169.09,25.438,59.766,39.609,26.469,41.422,63.344,18.062,67.906,110.06,50.672,77.797,70.062,78.328,124.19,141.59,65.031,33.406,65.953,41.578,73.422,59.844,75.312,102.47,41.844,40.594,41.578,58.203,39.391
61.234,44.734,157.81,39.312,45.281,25.047,25.453,28.859,54.266,32.328,29.25,94.25,84.906,68,40.406,61,82.594,107.09,33.484,22.281,21.516,41.25,50.797,62.531,31.008,99.312,48.391,75.422,54.891,32.953,36.031
223.11,151.44,132.61,86.891,126.97,51.031,43.625,63.734,19.734,23.391,51.672,111.97,132.12,55.078,55.984,43.906,189.66,84.547,74.25,115.88,49.094,37.625,61.406,52.562,88.375,222.58,38.945,29.547,87.453,53.016,36.094
109.22,53.359,39.078,42.422,135.39,39.562,34.609,72.266,70.266,42.172,21.438,58.359,54.938,126.77,53.609,86.688,25.406,56.859,111.06,27.297,45.688,56.914,22.516,108.09,55.906,83.047,42.469,33.859,142.95,32.625,28.172
51.203,37.914,51.297,67.625,109.08,55.547,71.156,112.47,141.83,36.297,36.047,82.125,46.5,87.359,50.922,69.172,50.594,86.188,47.109,24.031,24.578,171.47,30.828,44.812,29.688,71.492,60.906,27.594,76.062,24.531,68.906
106.25,139.88,80.562,30.609,192.09,61.078,45.078,32.156,25.141,18.531,27.312,104.16,169.66,104.59,72.391,23.312,187.09,207.34,40.141,32.359,28.656,49.406,56.469,35.391,91.781,191.33,39.828,51.516,68.297,57.156,55.219
95.562,207,143.47,43.523,76.656,96.375,61.656,42.484,25.297,16.562,31.188,130.47,155.39,35.688,54.078,53.031,202.66,61.406,73.672,105.8,36.312,23.609,58.984,70.297,88.969,114.48,33.75,38.859,114.59,28.297,50.516
50.891,48.258,76.781,135.45,104.88,41.75,111.75,69.547,110.23,35.297,43.344,24.688,53.172,86.266,45.828,99.172,71.719,190.28,34.547,40.219,30.391,119.03,54.297,40.062,43.188,130.22,60,27.422,54.047,24.109,48.609
27.859,61.578,40.969,127.03,100.38,39.266,96.969,55.656,78.031,41.688,54.57,50.25,19.844,72.156,30.391,59.422,58.562,146.66,56.984,35.391,25.359,130.95,51.312,51.906,32.062,118.03,60.594,23.641,28.859,26.906,64.438
48.016,104.42,13.516,151.7,154.55,16.953,52.906,63.266,68.203,15.609,21.391,47.938,43.484,50.562,36.859,80.078,50.281,86.328,46.969,19.297,43.953,60.609,49.625,24.625,57.922,136.91,116.98,53.516,115.09,34.5,121.8
213.78,57.234,101.61,24.969,50.359,61.094,106.47,96.828,54.531,14.531,58.094,112.86,36.719,69.375,103.83,23.188,30.5,33.516,39.641,20.062,52.891,33.969,92.828,53.781,201.81,72.094,68,55.219,61.531,98.375,67.234
36.25,132.56,70.547,45.516,167.94,86.375,78.234,61.078,103.3,33.688,72.562,53.844,54.844,121.88,31.906,40.75,76.656,66.609,71.719,83.031,49.5,65.688,82.766,49.812,54.516,102.5,68.531,33.625,88.047,57.016,224.06
20.938,46.812,57.922,102.64,50.688,31.688,88.344,87.203,52.531,49.578,49.828,35.438,27.375,70.453,42.453,109.77,40.688,147.11,35.109,35.203,16.781,83.75,20.016,49.125,23.258,109.62,44.25,25.828,32.047,28.547,90.406
35.094,42.375,55.812,117.81,103.41,35.328,114.3,99.938,71.328,34.141,52.797,22.406,34.734,89.875,53.25,101.34,36.938,189.67,23.688,50.172,22.125,143.75,27.734,62.75,36.984,135.23,62.781,24.359,54.844,31.219,68.641
69.594,91.094,24.5,56.344,101.3,49.578,38.031,39.984,37.422,22.359,27.312,35.953,30.906,29.953,41.875,111.38,80.781,55.734,19.172,45.766,47.828,35.469,41.75,53.578,47.188,45.891,56.484,37.406,78.594,29.109,24.266
61.094,31.594,35.906,27.688,72.953,22.312,59.406,32.312,50.75,33.234,19.688,50.359,65.453,22.703,20.281,99.203,81.938,56.297,28.141,41.484,32.531,20.375,38.672,83.016,25.219,55.625,34.641,26.398,36.172,33.906,32.891
129.45,52.25,111.5,49.922,82.188,54.391,52.297,81.938,56.109,26.797,36.781,71.641,55.234,70.156,58.531,105.27,227.34,120.78,69.062,85.094,58.562,28.547,68.484,127.17,81.375,52.141,29.344,44.617,73.281,46.797,32.031
60.797,221.28,85.875,91.672,130.77,56.094,79.141,83.984,38.078,23.703,62.469,169.45,297.91,100.58,78.344,36.875,121.89,92.594,68.391,70.906,20.969,58.992,123.28,46.391,58.484,111.86,42.188,58,96.859,98.609,40.109
44.625,24.375,44.062,35.305,72.062,41.641,41.25,13.398,113.27,58.266,25.555,12.578,22.188,27.328,57.812,62.031,23.375,60.484,26.516,26.359,15.438,71.484,16,60.281,30.359,55.188,31.516,15.297,21.688,31.672,22.203
30.875,45.266,29.812,68.594,76.734,44.344,46.531,82.906,81.094,21.578,56.555,20.359,41.844,64.844,53.641,97.688,43.031,49.391,74.078,36.859,14.922,97.438,64.609,27.188,70.062,194.66,58.484,57.406,36.844,49.781,45.062
38.719,122.97,18.469,99.562,68.719,18.5,98.703,87.359,67.062,41.547,26.094,27.766,28.25,63.969,47.047,93.781,43.031,119.42,54.891,22.609,35.516,110.28,23.719,57.328,32.609,185.59,136.7,48.641,45.734,37.062,113.48
51.781,78.719,31.656,90.766,70.859,47.75,20.609,59.586,45,20.203,29.828,31.578,24.688,44.484,28.047,55,112.66,88.125,28.5,24.969,92.75,31.25,40.453,42.359,46.344,25.969,43.312,35.148,46.516,46.922,15.922
66.125,81.031,60.094,41.359,116.02,38.594,27.656,83.609,89.672,43.234,24.5,34.516,69.812,28.469,107.52,79.656,187.81,58.766,46.531,31.5,51.516,37.766,43.609,72.141,52.5,34.812,28.312,24.242,86.234,43,45.016
47.875,238.78,116.08,78.156,131.19,66.984,61.188,55.969,57.891,24.156,41.734,93.797,84.219,122.73,46.719,59.031,187.27,110.91,63.312,56.828,104.67,39.562,58.25,46.047,70.594,147.75,52.211,38.391,77.328,45.25,66.719
69.125,195.56,72.891,62.234,106.27,73.797,50.75,60,29.344,37.234,51.703,137.08,295.91,92.797,82,25.875,150.72,115.94,90,77.281,28.875,62.477,94.875,61.078,59.688,109.5,31.797,48.031,112.28,167.75,38.984
47.344,32.453,72.906,47.305,65.859,35.531,51.797,13,106.44,56.984,30.93,14.562,27.547,54.812,37.594,36.625,35.125,78.391,43.859,22.484,22.016,32.75,27.609,66.156,25.391,78.656,45.266,14.484,23.391,35.195,30.219
25.164,65.422,18.266,105.48,37.062,45.875,77.266,134.58,104.2,36.016,34.203,22.719,27.656,65.359,38.734,25.594,22.328,56.766,58.562,24.547,17.828,106.95,24.094,52.625,43.031,103.05,122,74.906,28.906,28.469,78.469
125.61,53.734,62.359,44.922,89.656,47.625,52.609,39.156,104.3,63.211,45.125,88.156,79.906,42.828,64.938,49.719,182.2,68.234,43.562,54.094,34.312,22.875,65.609,48.047,56.125,27.297,31.258,30.344,100.59,76.75,31.078
47.219,91.531,93.484,79.797,84.375,62.469,70.469,80.812,27.234,40.828,39.891,80.781,289.91,151.41,68.797,62.734,129.44,105.66,96.984,44.422,33.516,44.031,32.391,64.938,85.688,104.08,44.078,45.609,110.48,45.062,43.781
30.312,59.531,51.25,29.828,54.422,38.031,21.109,30.375,70.328,28.812,41.203,13.875,29.203,41.359,23.25,83.594,59.422,66.609,25.828,24.453,17.812,29.062,40.719,51.625,39.891,90.844,34.609,18.672,25.094,75.07,27.594
181.78,75.508,51.656,83.344,60.688,43.102,15.922,57.344,49.5,47.875,54.547,31.203,37.664,81.688,40.281,117.25,103.12,51.812,52.281,29.984,61.188,19.766,32.828,85.828,108.41,53.359,39.094,54.609,82.062,57.875,18.531
187.19,51.953,56.406,79.531,53.453,35.68,35.812,61.969,38.922,74.039,73.797,23.062,82.516,135.38,47.812,83.156,54.906,71.031,24.203,25.562,54.531,28.875,64.703,53.016,45.5,63.141,49.094,38.312,73.938,52.703,23.5
60.859,72.25,74.688,72.906,82.078,57.875,52.469,75,33.938,33.516,110.73,99.938,265.91,104.16,81.391,165.83,183.44,113.03,66.844,42.672,36.422,36.234,72.734,48.75,66.562,88.281,32.5,52.328,89.422,33.109,71.844
32.531,86.578,76.656,23.688,48.656,37.781,78,16.703,65.078,110.56,21.148,31.969,22.5,141.62,50.234,37.453,50.625,123.11,40.5,19.016,25.062,45.953,49.875,99.719,28.734,78.625,52.906,43.391,107,51.023,13.156
46.188,124,24.375,240.14,33.375,47.688,83.484,40.969,81.969,32.234,116.64,25.641,30.844,130.94,80.016,57.391,59.266,94.547,125.86,36,54.625,170.95,21.781,50.109,76.422,108.27,151.31,58.875,73.266,36.047,54.422
239.62,71.719,70.625,114.33,86.688,35.031,23.828,60.953,73.047,70.406,41.797,49.859,76.273,102.81,49.75,118.78,115.05,79.125,67.234,35.438,77.828,43.719,66.266,66.25,29.922,51.453,28.266,52.516,73.5,54.703,24.094
260.34,76.594,136.38,70.359,145.38,37.047,92.172,21.375,51.719,66.984,40.844,76.25,93.234,131.22,37.719,114.42,189.78,53.688,40.672,48.188,37.219,22.047,65.484,59.406,176.17,37.68,38.547,50.641,166.72,43.094,49.242
235.81,58.672,77.547,67.203,157.95,35.094,58.312,26.562,79.516,30.688,42.25,48.469,84.281,138.08,41.734,111.11,201.69,82.078,28.781,51.266,68.547,28.422,102.53,28.781,130.33,31.656,34.625,87.875,163.84,48.688,54.68
48.594,78.914,50.609,56.672,76.609,94.406,52.453,78.438,27.844,39.672,106.7,82.203,215.28,94.203,72.031,136.27,189.61,217.34,65.766,60.266,39.453,43.016,92.875,47.594,62.172,84.188,36.656,85.609,65.078,37.594,151.62
25.312,21.438,53.188,84.859,32.578,60.828,17.875,26.211,39.453,39.953,63.344,12.195,22.781,43.906,77.984,67.812,25.75,99.422,30.094,15.562,13.938,33.297,73.25,52.438,15.562,62.719,17.484,18.781,24.234,75.82,15.922
41.484,70.141,23.375,128.03,23.438,25.703,62.125,47.156,60.516,43.68,52.453,27.359,15.344,79.969,27.953,135.94,21.797,106.61,44.805,27.844,21.297,129.11,57.484,32.594,56.734,89.469,114.03,49.328,50.062,33.344,49.609
46.609,240.91,28.219,98.781,137.56,77.281,53.781,58.984,38.102,58.875,112.15,51.219,72.344,67.078,100.86,21.328,87.891,34.641,26.859,31.469,71.078,84.828,76.031,76.375,45.297,107.64,142.41,68.125,38.359,54,63.906
129.88,56.508,41.75,63.625,43.906,78.672,28.797,30.094,28.578,119.3,36.219,47.172,43.062,36.328,36.156,48.578,72.719,74.672,35.188,36.797,38.453,29.359,68.109,94.219,111.12,31.891,24.906,30.156,109.56,137.91,23.5
161.75,65.859,36.125,92.594,41.172,37.578,22.531,79.656,45.266,116.89,38.297,44.578,47.453,62.531,34.422,62.188,83.969,76.031,52.188,32.812,25.297,27.875,37.891,79.281,96.016,31.719,29.703,30,129.48,114.38,24.609
98.375,83.75,48.953,32.703,149.47,43.141,25.547,20.406,88.312,39.125,40.078,47.016,66.438,135.5,39.547,113.36,204.25,55.672,30.422,49.922,41.016,24.703,92.344,33.906,126.58,27.406,28.531,72.047,75.094,63.125,55.227
76.375,44.438,35.344,20.922,158.81,78.406,49.578,40.297,88.438,36.5,69.172,52.609,32.938,127.56,39.391,77.953,173.34,31.516,18.531,37.031,48.016,19.297,112.62,35.641,91.641,22.719,26.016,34.25,69.891,76.812,73.305
48.359,28.922,85.359,51.047,166.91,30.469,29.141,72.969,47.438,63.016,55.531,77.328,36.336,224.3,75.219,98.844,140.28,93.641,34.219,53.125,45.625,39.844,77.797,130.22,68.203,23.406,44.797,81.703,71.625,71.562,112.44
76.609,31.375,100.72,58.109,102.09,28.938,49.047,89.25,55.969,60.562,43.875,78.562,30.219,205.31,86.578,82.688,173.84,58.031,19.156,23.188,17.766,63.672,85.984,61.484,126.56,51.891,46.172,37.422,36.422,67.484,156.5
14,16.547,16.75,34.422,13.438,21.25,52.906,43.859,33.828,17.234,19.266,11.695,10.312,22.344,19.141,54.203,16.117,40.875,52.656,25.281,17.391,49.266,12.789,68.234,13.594,48.406,26.656,63.328,12.984,15.047,38.219
84.547,182.14,48.109,145.84,51.016,33.312,85.531,37.656,34.5,40.234,93.719,42.203,51.484,89.766,107.47,22.781,41.844,25.812,25.188,51.688,28.266,95.922,49.719,132.72,63.938,126.05,111.17,186.22,50.578,49.781,40.094
163.16,28.109,41.547,106.84,62.703,21.516,33.969,100.69,72.344,99.359,37.422,42.219,41.062,92.422,43.406,110.16,119.83,64.844,109.84,32.75,31.094,25.547,67.578,56.328,45.188,22.031,23.766,30.25,105.75,204.84,18.469
76.547,102.11,28.859,14.484,97.297,90.641,53.406,26.609,52.406,66.703,22.688,54.688,26.922,44.922,34.578,76.203,149.03,50.18,21.875,31.203,56.922,20.938,55.828,46.062,102.14,30.047,21.516,19.844,35.867,97.969,36.039
30.953,34.266,95.453,34.922,46.516,65.359,49.453,72.438,54.641,79.594,77.961,24.828,15.062,56.641,51.109,39.641,52.109,136.14,25.219,26.938,30.438,34.984,29.141,48.25,32.141,91.859,43.625,42.859,24.938,48.641,18.797
22.203,20.266,70.609,27.555,33.516,84.484,26.609,40.438,43.625,89.969,46.266,21.891,15.469,70.016,52.781,42.359,51.547,106.69,30.875,15.578,32.547,65.875,18.797,93.016,42.055,104.16,37.5,38.859,22.188,39.555,14.781
13.188,25.047,31.188,62.344,30.109,43.438,29.672,35.734,42.875,25.727,13.594,13.242,16.062,45.875,30.422,19.578,14.203,87.344,33.281,11.125,13.922,49.141,12.102,52.094,15.812,45.188,32.5,15.086,35.359,26.031,24.078
16.906,14.453,13.25,31.766,18.891,19.742,48.719,38.031,45.203,25.391,13.719,19.766,12.266,24.594,24.688,42.922,14.93,39.906,50.547,23.469,17.469,44.609,19.344,41.156,19.844,17.359,43.5,70.031,12.984,21.883,29.422
39.344,167.59,27.453,114.53,41.172,33.227,72.797,50.609,40.023,90.453,50.383,37.5,52.406,68.266,67.469,18.594,70.641,40.484,63.703,39.438,33.031,128.2,43.703,107.58,58.234,103.7,128.09,199.08,29.641,52.875,90.469
105.14,121.62,65.562,101.69,41.656,34.359,19.391,56.031,72.141,90.688,19.047,63.5,41.438,73.391,33.812,121.97,62.875,43.312,120.25,33.266,53.156,22.203,39.219,52.75,49.25,24.656,32.047,30.094,61.688,187.44,21.094
56.641,84.484,54.781,13.031,41.875,45.562,40.891,86.016,36.906,55.188,32.641,22.016,20.148,24.172,42.156,73.344,54.281,30.695,47.547,34.031,51.453,26.391,36.375,45.656,108.73,34.406,22.656,25.539,36.5,114.88,25.016
62.219,14.047,13.453,31.125,24.484,18.344,34.031,30.578,45.547,34.812,12.125,25.438,19.828,27.422,27.383,50.141,32.188,38.641,41.625,15.438,27.031,57.219,26.516,28.688,22.188,25.797,45.344,76.578,21.055,29.172,25.469
74.312,47.266,33.266,82.672,45.422,112.91,25.031,48.234,77.188,90.906,30.672,63.281,53.719,52.25,84.188,48.547,95.078,96.609,104.25,27.25,44.047,59.984,50.828,41.438,172.47,85.219,33.062,57.781,80.219,225.84,28.859
146.88,119.02,38.922,20.766,30.203,97.531,40.188,38.812,39.281,95.656,47.906,25.625,26.039,41.719,95.156,86.5,33.922,31.633,40.922,69.312,63.016,27.594,53.469,64.953,139.53,34.109,35.422,20.055,92,143.25,26.344
34.234,51.922,44.344,26.844,86.969,39.531,34.312,95.859,61.375,122.36,49.25,100.75,165.56,34.266,46.984,193.84,150.78,131.33,77.594,62.203,22.891,102.5,49.672,73.312,63.031,81.438,23.594,23.156,186.09,241.52,42.172
49.938,31.594,88.406,43.344,47.594,46.203,76.312,59.422,59.922,132.84,60.844,37.875,40.344,80.672,44.656,24.422,26.219,87.219,37.062,34.359,33.062,40.5,49.172,37.203,33.32,115.94,50.438,38.922,54.906,79.891,40.453
32.594,26.422,101.3,25.562,33.25,57.859,53.875,55.281,45.203,77.25,44.508,32.938,34.078,49.781,36.344,20.078,26.344,87.406,35.453,24.547,20.875,35.734,27.047,38.906,25.133,60.547,66.406,29.672,28.422,45.062,22.859
35.672,163.56,25.844,105.94,57.461,33.062,54.094,51.922,48.172,71.141,36,71.422,65.375,88.781,39.562,33.656,23.5,53.594,123.19,38.203,26.938,147.97,32.875,143.92,71.281,58.141,162.77,85.422,53.062,46.781,60.953
43.25,149.59,43.766,43.719,63.781,74.797,129.89,43.891,52.219,166.62,21.641,57.281,97.406,113.31,116.23,31.109,62.438,57.688,24.969,58.641,20.703,145.59,56.219,68.156,41.562,59.125,57.969,57.875,26.812,64.469,39.547
26.156,60.312,41.531,48.109,47.266,41.016,41.922,60.938,50.141,68.531,106.78,40.234,46.516,43.141,49.641,14.531,39.047,30.984,130.95,44.078,60.594,84.469,53.203,76.469,27.531,101.81,130.94,43.672,28.453,26.578,25.922
179.94,126.44,68.828,35.828,40.875,142.8,48.219,39.172,24.234,150.61,45.484,49.609,53.062,67.672,46.219,112.62,158.72,40.391,36.266,29.734,41.062,32.141,30.734,146.66,144.69,38.594,38.328,50.438,67.125,211.62,39.906
150.12,78,54.266,26.641,49.906,122.55,54.688,24.797,37.422,77.016,68.484,29.969,20.625,88.188,40.984,100.67,65.562,28.203,20.703,51.25,74.688,24.594,35.578,65.922,134.59,21.547,50.812,15.578,188.12,107.91,23.625
109.33,59.531,21.25,13.344,78.016,100.36,87.031,22.781,33.734,33.203,37.469,104.38,26.828,24.156,21.531,49.516,64.516,26.656,58.094,28.867,81.469,16.375,23.688,52.766,112.84,25.766,32,15.234,154.66,117.78,53.891
55.656,38.203,52.562,33.734,90.781,33.188,40.469,123.31,54.234,125.47,24.281,39.953,115.56,22.094,23.594,56.922,162.59,96.453,114.2,37.891,20.109,47.547,49.047,35.141,35.766,25.008,24.453,44.688,101.23,146.52,80.922
53.156,26.266,78.203,47.125,36.328,62.562,60.062,14.133,49.688,60.047,46.18,36.859,27.25,55.266,59.766,21.938,31.172,96.812,121.8,15.609,18.656,39.922,28.219,33.406,18.781,33.219,31.844,35.656,20.719,44.5,22.062
65.672,180.88,57.656,48.719,64.289,45.094,70.781,55.875,39.516,113.52,32.312,71.391,67.5,46.125,86.875,29.172,44.297,45.469,52.188,57.297,19.922,129.44,52.547,75.938,32,82.672,59.109,132.31,15.461,54.156,33.531
179.52,57.453,64.156,78,74.25,188.44,65.219,39.531,64.297,112.56,44.578,64.406,77.938,41.609,50.719,111.86,83.547,23.828,40.203,43.156,18.812,61.219,37.078,179.31,157.19,24.125,44.688,32.297,80.375,227.31,53.625
129.06,62.422,40.828,16.172,73.094,78.734,80.172,20.797,46.234,32.922,57.203,119.31,24.25,32.641,28.594,48.609,133.2,29.938,32.312,26.5,92.688,19.281,39.266,60.422,57.625,20.094,49.062,16.094,172.91,103.22,62.844
48.5,154.86,67.188,52.312,37.156,52.797,67.375,57.453,41.531,76.297,47.281,64.266,85.375,43.344,78.547,24.938,29.547,46.234,40.062,33.672,28.328,94.625,33.281,65.453,34.828,60.625,57.406,121.09,14.484,36.484,30.703
16.023,23.438,140.42,89,45.312,34.625,119.84,212.09,43.125,123.77,134.72,66.516,30.828,68.297,74.969,32.188,46.375,41.391,53.969,54.531,28.031,105.2,97.484,80.672,22.781,64.125,47.297,73.438,60.312,40.547,19.016
55.875,83.844,105.25,39.5,86.906,99.141,23.812,126.27,37.898,189.62,26.188,70.219,32.43,52.969,28.188,118.81,200.12,78.188,84.438,63.422,36.047,78.688,52.516,236.28,85.547,88.219,52.828,43.516,199.78,280.34,18.781
46.062,34.531,94.188,138.88,131.91,96.031,42.359,44.156,41.703,19.438,43.594,87.344,43.625,31.562,29.906,48.547,143.38,138.19,56.172,61.359,37,16.438,19,30.719,60.797,44.938,35.328,70.656,180.88,58.25,71.812
49.625,35.5,118.06,103.33,107.56,55.938,63.719,130.36,45.375,28.844,30.359,40.062,40.766,21.297,21.406,73.156,150.69,167.5,110.11,42.984,32.719,33.016,19.609,27.016,59.938,43.484,26.344,58.016,69.203,20.938,65.062
64.734,24.344,48.328,66.047,47.062,79.922,79.828,90.062,41.312,135.45,30.906,66.438,66.547,36.844,32.125,52.734,211.19,64.344,64.328,55.641,14.719,26.578,67.219,39.422,55.375,31.297,23.812,37.844,111.67,55.328,77.531
66.984,13.719,30.336,63.594,61.578,50.969,45.984,60.562,46.688,55.188,61.25,61.25,78.688,40.609,62.375,29.234,195.84,59.797,62.047,44.531,19.586,34.047,43.172,110.03,42.828,28.594,32.719,73.062,93.844,64.992,28.953
116.17,18.43,32.797,46.938,75.516,41.062,30.984,39.141,44.75,58.297,91.672,73.344,129.41,31.094,47.656,36.281,132.53,38.062,109.53,41.484,30.469,55.75,15.719,50.609,26.891,27.109,23.625,42.125,144.8,84.906,19.078
244.97,18.719,73.734,37.594,58.766,38.188,44.906,147.2,54.125,67.906,44.391,26.422,178.25,38.312,60.344,104.16,133.97,81.469,137.44,59.812,23.359,75.969,16.891,131.7,28.484,25.578,103.38,24.953,52.406,44.328,96.703
25,111.12,48.906,67.75,26.688,29.516,74.156,64.516,48.953,84.109,34.438,36.781,35.531,58.906,41.047,25.367,22.609,31.344,46.688,65.984,16.344,127.34,38.234,96.297,57.875,29.516,91.172,27.797,39.844,17.906,28.641
34.938,30.734,62.688,131.98,49.219,53.859,53.484,246.84,51.422,150.88,147.48,94.875,64.992,79.094,64.016,15.188,71.219,67.656,66.797,23.344,19.625,137.59,106.42,170.14,14.961,61.156,69.906,74.125,70.547,33.391,29.312
86.891,67.125,116.53,33.641,98.719,121.03,26.406,49.156,43.469,174.45,15.312,81.766,43.375,95.219,25.438,143.62,189.25,108.31,92.078,59.875,39.016,71.203,39.812,223.09,81.531,74.297,68.156,40.547,98.094,318.03,21.422
73.312,81,77.453,31.875,154.42,96.25,60.609,44,37.688,48.984,45.5,106.47,30.242,43.25,35.172,36.141,125.56,152.22,46.906,33.594,83.516,19.906,22.773,91.812,45.391,33.438,57.797,56.688,169.88,175.66,37.688
56.641,38.031,32.422,106.75,40.094,57.234,138.59,120.48,21.75,51.031,24.266,57.547,29.297,120.67,34.859,62.484,92.906,143.05,47.727,22.203,22.562,41.688,43.828,30.281,63.391,29.438,44.125,82.609,39.469,56.875,40.812
59.719,24.422,51.688,137.64,55.953,71.125,69.469,81,39.312,147.34,43.391,76.656,37.711,59.406,34.812,69.891,219.59,91.062,42.328,59.953,20.336,30,71.891,19.938,34.672,59.836,22.828,41.297,98.859,82.328,91.562
58.031,29.344,39.469,68.797,51.312,34.438,45.078,61.609,71.75,73.125,122.23,61.719,49.375,25.938,95.25,42.656,217.09,72.797,107.39,32.281,19.75,34.969,58.844,93.125,25.484,64.797,49.469,63.938,120.64,112.64,26.344
112.03,49.172,58.719,37.375,78.906,46.281,39.844,84.531,91,54.297,49.531,43.812,137.34,40.719,38.5,137.83,136.39,54.422,193.97,51.906,28.219,58.219,28.047,80.312,47.953,41.984,58.516,33.234,54.609,95.25,53.234
75.078,45.25,87.109,77.297,70.062,101.5,59.609,111.48,47.766,41.094,60.625,57.375,27.352,50.094,67.328,37.891,55.312,123.3,39.062,57.125,16.094,40.469,27.844,47.82,46.047,54.562,35.688,51.594,46.094,160.73,63.469
88.828,37.062,75.609,38.438,31.281,74.453,49.422,167,36.391,37.945,67,77.391,18.922,72.438,40.141,61.297,36.922,127.14,65,55.484,14.938,33.406,25.438,35.703,17.094,49.281,23.578,26.109,50.172,97.25,40.75
107.52,42.391,59.625,53.062,69.5,44.094,34.594,54.375,36.578,53.234,57.891,75.797,20.344,144.75,29.359,24.031,18.953,106.14,110.78,24.094,19.531,44.594,23.484,47.531,14.344,30.453,54.859,22.125,44.188,40.516,60.312
47.844,28.203,12.719,57.281,15.188,17.047,91.359,24.891,38.484,48.953,45.891,32.312,29.281,33.938,14.484,48.438,14.914,36.391,32.422,23.688,62.016,67.922,37.062,18.031,31.5,38.906,16.438,24.25,23.016,22.266,25.141
20.344,77.812,26.594,85.5,28.672,28.344,91.516,77.266,27.906,83.617,44.219,99.125,27.383,88.469,68.172,22.234,26.125,43.047,73.328,42.828,29.906,70.25,32.469,30.328,21.453,26.672,130.42,17.453,31.406,15.688,27.828
26.219,56.688,31.188,102.83,45.688,37.484,39.234,160.98,31.594,120.78,105.3,115.94,95.609,41.609,55.969,50.281,26.938,48.219,48.969,56.516,28.469,76.938,46.391,169.39,20.156,44.312,135.08,77.125,13.844,58.281,19.828
81.031,105.48,71.188,51.406,54.469,56.359,38.609,33.359,47.453,98.875,23.859,141.33,62.469,88.859,32.172,144.16,154.41,151.75,79,35.938,50.984,48.203,27.938,130.84,85.766,39.047,30.859,38.422,85.125,286.44,24.938
91.922,25.031,49.688,178.19,93.703,42.25,53.5,77.094,36.609,79.828,66.562,58.672,34.781,44.078,52.828,67.703,203.88,56.875,32.281,45.438,17.266,44.438,78.547,29.922,19.547,65.414,23.25,41.812,95.25,102.69,102
100,43.562,21.531,71.5,33.797,32.328,38.875,68.531,48.484,106.25,44.047,59.688,36.672,32.062,19.531,51.734,27.875,28.594,86.469,14.469,25.172,74.391,56.016,65.844,13.172,25.734,29.219,27.812,113.67,39.531,33.109
38.031,26.688,15.625,38.75,15.047,33.109,68.531,33.406,56.906,51.797,27.812,24.344,33.656,45.922,15.422,25.688,22.891,26.25,31.312,15.594,58.797,81.938,53.672,24.625,60.812,28.531,20.328,26.234,24.906,21.367,24.078
20,44.438,59.734,35.969,40.203,14.312,102.92,44.859,37.484,77.391,27.547,45.594,18.312,30.719,48.516,25.953,16.859,25.68,51.625,78.344,12.484,102.16,32.094,66.891,38.453,20.641,104.27,22.266,55.375,20.266,27.281
16.5,88.719,39.047,60.406,30.156,32.938,68.078,47.953,39.469,73.797,57.938,68.609,19.008,22.219,44.641,16.938,35.703,43.656,48.094,47.094,13.719,53.453,32.266,26.344,23.875,15.719,125.3,18,37,15.094,25.297
22.562,67.328,20.047,67.469,25.219,30.594,51.75,31.969,22.328,51.5,40.156,49.562,19.281,20.859,31.875,15.367,31.469,45.328,43.875,21.781,17.281,41.469,23.312,23.5,16.172,34.281,80.812,19.219,12.172,15.344,25.203
60.25,101.14,51.219,43.578,62.156,96.969,32.359,39.516,49.406,72.344,36.172,97.344,55.469,84.609,42.031,105.53,209.03,184.28,58.438,74.625,55.781,52.172,24.594,183.06,102.75,62.094,38.172,51.109,133.47,251.72,27.203
34.812,104.14,50.219,35.609,61.625,109.61,32.281,38.844,46.078,111.5,35.445,72.891,67.391,72.078,39.969,96.312,123.44,131.97,49.031,90.656,66.188,79.906,36.375,272.47,128.28,27.75,22.469,75.922,85.938,273.5,54.25
33.062,25.359,120,96.828,66.641,70.969,60.969,134.08,26.141,48.188,48.312,80.75,29.922,17.719,35.703,81.688,139.33,97.219,71.047,36.859,17.062,29.859,55.562,29.125,51.281,34.867,24.891,41.703,177.94,177.88,64.156
55.266,37,37.625,145.86,79.672,97.031,90.016,114.72,55.031,174.95,27.281,31.016,29.031,37.75,43.578,75.188,171.16,53.219,36.938,39.25,17.375,80,32.656,25.781,48.266,50.891,76.172,35.938,60.641,105.47,72
98.5,38.031,60.594,147.16,54.516,65.594,59.578,119.78,43.938,138.17,17.969,41.047,32.18,28.531,49.672,66.344,184.47,37.344,48,53.5,20.531,38.25,50.5,48.188,31.328,63.281,24.547,42.359,82.281,93.312,86.453
111.95,48.938,46.641,85.562,92.594,48.484,47.062,115.5,29.906,66.891,56.703,55.422,79.906,34.516,18.25,157.42,32.609,87.172,112.62,25.516,29.031,60.75,57.859,28.094,36.562,41.719,35.938,43.156,49.625,40.828,47.969
109.23,31.859,31.359,100.36,51.172,34.906,64.469,150.66,26.406,92.406,49.203,59.812,35.922,30.406,54.125,42.047,25.109,24.781,89.875,25.312,26.594,55.672,35.859,93.453,14.891,80.984,42.203,47.203,126.72,31.734,38.359
41.781,27.516,16.203,24.344,29.281,50.438,69.156,21.484,64.672,66.625,22,37.047,32.125,53.875,24.125,22.734,75.219,22.734,18.656,25.562,32.875,46.438,80.188,109.16,31.797,44.141,28.312,45.141,77.703,20.953,23.75
32.141,38.922,20.484,37.906,24.078,30.922,63.062,45.922,63.641,58.344,35.828,18.016,34.406,36.328,25.062,16.672,19.031,21.438,17.734,18.547,38.125,81.219,27.219,101.41,77.891,52.188,25.75,36.578,57.297,22.414,23.312
25.562,26.328,28.281,134.56,57.953,23.422,77.547,101.81,16.805,74.516,20.469,43.594,28.359,16.797,63.422,25,39.25,21.219,59.594,44.125,17.578,93.891,50.797,50.922,23.641,70,35.656,85.875,25.047,43.969,23.297
108.58,70.562,113.41,70.156,53.641,96.719,47.641,67.031,42.062,129.16,39.344,97.156,64.875,32.844,35.531,48.516,266.47,190.38,52.156,67.562,54.203,75.312,42.328,184.11,67.5,25.562,32.812,47.203,156.03,207.28,56.547
59.016,87.688,45.969,21.328,43.969,40.719,24.203,69.156,36.781,77,66.391,172.91,52.875,36,32.188,100.23,180.09,172.8,94.625,78.766,33.906,66.578,56.422,67.875,62.688,25.5,51.859,32.156,65.766,156.59,38.453
47.078,26.719,68,149.34,97.609,82.656,97.578,92.625,41.812,201.7,23.609,52.594,29.328,22.625,45.234,76.906,248.84,44.688,58.359,40.438,24.875,59.375,44.688,45.75,76.859,50.328,135.12,42.578,106.33,134.45,84.109
49.578,28.266,43.391,37.688,18.75,19.266,55.469,35.5,45.859,36.047,62.031,22.234,27.094,36.812,28.438,28.688,41.344,27.531,57.453,19.312,13.891,74.922,33,112.06,62.969,37.875,49.234,25.109,72.297,24.969,24.125
36.422,39.922,71.656,36.875,27.297,32.594,69.969,42,38.359,32.773,42.766,69.469,19.773,24.719,25.891,22.156,42.391,26.594,56.688,96.359,13.734,61.719,24.203,41.812,20.844,27,110.59,42.422,57.75,29.531,24.516
15.641,19.562,29.375,66.438,30.688,35.141,65.844,47.203,36.312,25.188,18.281,47.641,24.828,19.016,38.062,13.609,27.422,87.562,40.875,18.922,13.312,74.672,29.656,41.562,22.094,24.312,53.625,41.469,28.031,29.531,26.516
44.906,26.484,46.828,60.406,28.703,37.109,81.812,52.016,19.203,48.547,20.906,35.672,38.234,21.148,81.969,30.188,21.977,70.219,20.75,50.297,39.328,46.016,43.078,33.891,39.422,50.188,108.66,115.64,26.844,46.219,27.547
44.406,43.453,40.078,81.938,66.672,138.08,56.531,120.62,39.688,37.281,34.438,49.25,67.266,39.875,27.359,75.875,65.594,160.97,48.219,46.344,34.672,91.281,89.266,33.906,34.266,32.891,43.688,49.625,75.156,129.25,56.703
44.906,37.25,56.609,103.25,53.453,175,78.578,110.78,27.328,63.359,31.516,73.625,72.641,38.344,32.219,47,165.88,139.97,53.219,37,30.828,64.625,80.234,36.031,51.281,39.672,32.281,56.391,99.047,192.72,68.617
49.594,96.047,55.656,59.516,65.016,104.75,56.781,51.156,48.719,81.469,36.484,74.734,48.688,32.969,33.453,71.828,216.12,54.594,70.109,35.688,36.891,45.734,35.297,56.328,59.414,67.281,85.953,38.43,69.891,135.97,94.547
25.375,85.25,25.375,25.859,33.328,33.797,53.859,24.688,68.422,63.969,31.656,60.25,30.469,90.094,26.984,26.547,24.047,23.109,22.281,17.156,14.297,37.984,26.906,40,86.438,49.344,73.797,35.391,39.25,27.25,40.969
34.953,34.984,23.062,25.781,29.797,52.266,37.906,32.641,39.297,39.031,24.016,22.469,30.875,54,23.984,48.188,35.5,25.039,24.484,21.531,18.906,35.344,64.469,92.094,35.906,83.766,32.234,61.922,48.984,28.172,56.578
42.047,53.516,56.984,36.875,34.766,30.859,93.375,56.844,36.125,21.43,27.266,64.844,23.094,37.375,24.719,18.164,43.922,37.062,43.094,106.55,13.969,75.578,27.656,72.953,25.516,29.469,121.2,53.625,63.188,37.75,28.75
16.641,24.094,21.328,63.094,51.656,19.141,70.312,48.797,19.938,48.781,29.672,26.438,18.797,22.969,52.156,15.938,31.438,34.625,29.812,16.516,12.453,89.688,27.172,59.234,26.406,29.797,32.609,32.484,43.391,30.672,23.938
121.25,24.922,56.156,20.516,41.172,25.125,54.609,44.5,40.422,31.969,23.875,26.266,45.875,21.156,82.953,43.375,29.766,39.156,46.438,21.188,13.484,64.109,25,37.906,43.609,65.703,63.062,86.281,30.953,56.438,15.812
42.406,84.789,24.438,42.906,56.469,55.641,104.23,48.734,33.812,119.97,62.797,59.812,68.234,40.875,52.594,22.641,60.25,179.14,55.234,62.828,31.609,144.31,23.062,60.047,69.062,34.672,74.953,57.125,37.719,31.266,155.47
57.766,91.781,76.844,72.469,179.88,122.66,57.094,48.844,17.234,70.938,44.828,86.172,23.742,41.594,61.703,40.203,47.469,141.34,130.09,34.219,20.109,132.16,14.781,36.297,63.75,36.227,36.641,20.328,32.578,35.625,27.719
190.12,119.14,61.109,68.281,99.438,108.28,117.7,87.688,18.805,41.969,78.234,51.031,20.656,88.531,41.312,23.531,20.812,79.594,119.72,35.453,17.703,45.141,13.391,32.875,50.609,26.938,20.062,19.188,36.391,36.062,64.969
40.109,56.516,19.625,20.406,37.719,62.922,30.141,27.672,36.406,34.438,37.75,32.297,52.953,46.5,20.344,65.82,23.062,28.438,37.641,19,13.969,32.797,36.688,102.3,59.484,109.31,18.953,68,43.219,53.125,58.312
65.078,41.719,38.875,42.594,40.453,18.656,58.094,27.547,50.172,27.422,23.07,23.312,37.797,32.375,39.984,26.68,57.562,49.219,31.516,29.5,16.844,79.516,24.312,115.55,61.953,76.031,25.688,77.234,25.375,29.344,16.766
70.375,19.594,49.578,48.281,60.938,25.438,45.203,23.625,54.75,99.641,33.094,20.297,133.11,26.609,34.922,22.875,28.953,55.719,55.336,37.797,20.172,28.328,15.203,25.75,34.047,56.266,74.031,16.469,69.094,77.281,127.12
97.562,50.578,81.219,52.766,48.812,134.12,47.281,21.969,20.891,38.312,65.953,61.766,25.375,24.062,18.875,18.07,63.016,137.41,149.16,48.609,52.594,138.14,16.672,42.609,71.344,31.672,45.828,16.031,33.156,63.375,38.453
157.88,126.41,69.859,84.609,64.266,169.02,87.453,74.062,30.703,48.719,72.672,63.891,28.047,40.656,65.578,22.422,30.516,78.609,128.94,53.422,25.562,31.391,13.797,43,31.406,23.609,33.578,15.812,30.406,65.188,72
47.203,15.672,52.859,32.875,89.078,15.938,60.656,73.812,41.438,42.328,24.445,50,31.844,69.328,58.531,23.359,22.797,24.266,50.125,21.938,14.5,35.031,30.844,28.223,20.938,89.953,16.078,19.828,23.719,24.125,30.531
20.688,15.422,31.453,33.734,82.172,18.375,28.188,36.734,20.609,41.797,20.555,17,31.828,47.031,60.688,18.562,37,27.25,63.531,14.938,35.75,56.922,25.469,49.266,18.344,84.75,15.156,15.703,51.281,22.281,37.844
51.312,28.906,38.312,40.703,32.172,21.906,29.828,81.703,148.11,59.547,55.922,83,169.09,63.672,34.438,30.781,55.547,68.172,54.672,33.188,29.609,106.64,39.016,27.734,74.484,108.8,180.45,31.109,40.25,124.03,124.44
125.28,27.703,22.547,34.75,67.734,34.688,67.891,23.266,17.219,53.359,24.516,21.188,58.922,35.828,20.953,16.594,32.906,30.094,68.125,32.125,16.281,60.75,26.359,36.484,32.594,64.953,86.25,37.125,45.531,61.172,25.062
39.875,30.969,33.109,40.875,32.812,57.547,120.28,32.859,15.438,52.75,24.867,47.766,46.641,57.297,45.047,36.219,45.859,29.234,27.375,33.391,24.734,55.672,13.016,22.086,19.625,82.328,32.031,33.672,52.188,72.688,42.828
152.53,33.844,195.14,60.281,67.281,37.797,36.344,82.438,38.031,40.875,72.234,106.17,46.688,157.86,47.648,55.141,318.03,56.406,62.859,115.09,91.672,69.344,131.55,27.18,52.875,98.328,33.328,52.891,182.64,107.97,35.383
105.19,25,75.422,131.62,85.703,139.34,28.938,114.5,51.766,71.219,35.484,48.344,45.594,22.656,59.188,77.047,254.53,144.12,76.125,90.984,42.125,67.719,55.938,35,94.812,64.828,36.375,47.031,203.06,41.031,35.5
23.547,44.953,15.656,61,40.484,33.312,24.391,17.516,95.109,78.25,52.547,46.047,90.734,44.234,28.828,42.25,100.3,39.141,58.047,24.031,73.25,36.344,44.016,38.609,43.125,41.734,110.03,40.453,98.453,174.78,118.28
36.453,53.641,22.875,51.938,38.172,24.938,34.094,88.281,174.06,34.422,49.109,41.844,117.06,59.078,31.469,52.547,82.688,78.688,47.922,51.203,47.172,65.219,60.172,71.422,71.469,112.75,158.31,33.148,39,182.53,94.078
59.75,131.7,23.93,90.766,76.562,62.75,65.953,149,49.75,49.891,45.906,54.984,22.312,64.078,32.281,49.031,76.625,183.41,93.156,67.125,35.516,33.852,25.375,43.375,46.344,35.109,83.828,62.547,70.859,28.188,43.359
46.594,71.125,31.594,62.188,34.891,55.094,131.06,33.25,25.281,37.562,22.406,21.562,64.938,43.578,34.984,80.156,38.25,35.938,72.047,47.625,21.641,54.484,33.922,52.641,17.172,67.5,115.31,32.719,26.359,41.625,22.625
178.44,111.91,233.27,91.297,89.969,146.64,45.797,52.469,33.984,53.484,50.219,229.19,56.25,43.953,40.031,103.59,306.5,52.656,38.484,88.031,77.641,95.375,115.75,28.133,100.69,49.812,44.297,40.031,149.61,66.344,35.859
57.422,46.375,22.891,58.75,38.062,103.58,84.016,36.828,40.438,81.859,84.609,35.391,46.875,59.875,66.156,103.97,84.016,35.125,98.781,35.859,122.33,49.438,60.766,44.828,64.359,54.859,44.016,45.055,192.23,186.88,52.828
49.961,119.38,28.68,92.234,78.391,172.48,105.69,136.56,62.609,30.672,61.406,38.578,36.039,54.562,31.141,60.688,59.875,223.88,131.66,38.172,45.875,46.609,29.609,32.141,45.969,125.41,84.719,73.453,42.469,31.172,49.188
32.609,17.062,63.953,127.3,43.797,99.391,127.25,68.703,78.359,43.047,23.594,73.656,30.109,27.203,35,74.812,41.703,27.516,65.078,35.344,31.609,55.094,35.938,20.422,12.531,32.531,26.188,38.938,58.594,98.922,19.781
32.562,28.188,68.406,122.14,42.406,60.125,136.42,41.688,44.047,64.656,43.906,33.797,20.391,50.031,48.844,73.703,28.984,31.219,68.188,34.344,42.047,35.828,27.328,22.484,16.906,47.844,33.156,46.656,77.625,99.047,17.688
27.125,39.422,68.859,125.31,51.875,102.81,75.281,76.984,50.297,127.33,43.883,48.875,173.72,63.688,69.203,66.75,83.047,114.7,54.953,93.016,65,56.844,67.703,30.531,49.969,58.391,233.66,49.797,52.812,132.22,54.703
47.953,28.047,66.5,27.734,44.453,51.844,169.95,84.297,52.664,23.766,90.547,78.938,34.406,63.109,19.375,22.656,66.938,70.25,66.812,22.25,34.047,62.078,19.086,128.88,65.688,155.94,57.281,157.86,37.672,53.484,37.484
80.812,29.609,215.62,72.641,94,116.77,43.969,86.484,75.516,36.766,33.062,190.53,59.023,38.656,38.078,65.609,232.97,79.25,62.234,101.34,68.656,61.891,54.469,49.875,98.938,33.93,63.672,52.938,76.109,119.66,64.641
41.375,19.047,42.297,99.438,87.547,96.359,131.2,88.422,25.359,63.797,20.219,51.422,77.688,134.72,43.609,42.219,23.953,46.297,31.969,27.031,51.297,57.359,24.148,19.344,31.906,69.094,53,37.469,35.672,28.734,33.031
31.781,26.469,91.094,150.53,56.453,61.078,76.266,18.328,31.383,99.5,38.531,56.422,133.53,20.188,148.47,59.141,76.109,62.125,24,33.906,49.688,44.672,49.656,22.234,17.688,67.5,136.28,33.719,19.141,66.312,23.953
31.906,30.297,98.391,53.766,27.891,38.922,84.891,43.484,39.219,134.25,43,89.609,221.86,104.52,127.5,83.984,99.484,73.453,37.016,27.656,57.5,44.141,56.234,36.523,18.078,104.7,228.56,42.781,21.203,102.72,24.969
53.547,121.52,43.344,43.062,31.969,145.89,89.328,94.031,74.125,74.25,73.156,60.031,33.656,84.719,52.359,89.812,55.75,284.03,129.75,50.344,33.469,52.641,45.391,57.141,77.859,119.59,90.062,63.875,29.828,185.88,30.328
29.219,22.109,42.656,40.984,55.375,65.219,101.55,35.703,42.469,30.812,84.969,43.328,44.609,27.719,44.844,40.156,17.789,83.562,50.875,22.156,20.406,99.297,18.281,92.109,38.797,78.672,95.656,155.16,49.281,34.719,31.188
45.656,33.594,65.344,41.531,60.562,85.672,210.56,132.09,57.719,98.016,56.094,37.133,46.25,45.547,42.062,63.672,86.906,75.062,31.031,35,65.406,51.016,61.719,18.375,36.156,92.422,90.312,33.938,44.562,110.67,42.953
36.953,37.75,30.141,62.734,25.391,138.86,35.281,41.281,26.562,124.34,24.969,36.109,84.5,32.406,28.438,42.5,47.875,110.16,88.109,29.203,27.203,29.656,39.594,39.781,82.797,53.906,19.578,55.484,77.781,84.688,32.203
42.375,36.297,58.391,44.188,65.703,55.094,82.297,48.531,26.625,20.844,42.719,39.562,71.344,66.484,31.297,67.109,22.023,92.203,122.44,27.922,41.875,43.828,28.219,55.609,33.406,183.23,42.062,84.797,47.906,61.75,42.938
38,19.141,32.688,36.625,45.031,52.406,69.125,43.109,30.625,42.953,84.344,32.234,50.141,77.766,28.234,53.516,24.594,85.469,59.484,21.5,25.805,57.688,36.141,137.33,46.188,76.422,71.219,164.44,60.266,21.109,53.094
40.594,34,68.141,37.297,74.469,97.016,99.391,150.27,60.625,67,88.484,45.016,37.391,37.688,60.812,59.281,26.641,61.281,62.969,31.672,59.078,51.422,54.844,48.156,65.188,184.53,40.328,169.84,43.859,32.344,73.438
49.766,84.219,35.312,76.922,58.625,86.188,199.56,116.47,80.047,43.375,96.234,51.047,53.266,44.141,51.203,70.25,56.469,63.297,34.406,47.25,60.953,54.734,39.125,23.5,31.188,173.23,93.375,43.875,58.391,88.953,34.719
29.844,117.22,43.531,66.859,53.016,74.422,159.94,68.625,62.984,51.938,39.703,83.953,61.234,51.047,43.844,46.875,74.422,36.188,52.016,28.312,19.375,33.188,35.297,24.953,40.125,169.83,64.875,74.391,29.953,108.34,36.906
28.25,24.219,45.844,60.312,57.219,152.91,61.062,66.875,61.141,123.38,69.531,24.406,61.672,121.81,32.688,42.922,44.984,50.828,36.875,28.594,25.25,20.141,21.094,46.625,14.984,69.656,60.719,34.594,24.25,35.469,26.484
48.875,19.406,64.328,19.031,74.719,66.109,90.531,49.719,38,192.81,79.109,30.391,180.05,92.625,186.12,22.891,97.828,89.797,61.031,39.375,42.703,19.266,86.562,39.117,50.688,74.406,172.81,42.891,16.625,42.891,26.219
85.141,68.266,40.141,49.625,34.688,110.38,89.094,23.75,24.688,54.25,45.156,22.672,53.125,37.688,37.375,88.5,52.312,88.188,74.719,54.688,50.875,33.125,42.977,64.5,67.672,55.641,31.547,90.984,183.59,195.03,45.141
38.922,16.047,64.031,66.641,32.469,97.734,79.406,30.328,71.656,70.469,75.219,23.641,50.469,41.719,101.83,40.672,33.875,180.09,123.06,56.891,29.742,35.719,28.023,56.156,45.031,96.484,27.406,95.875,75.953,229.94,38.969
150.56,72.781,60.672,44.391,29.859,88.5,63.406,79.766,165.83,75.234,125.42,31.547,48.828,80.062,59.016,64.469,25.078,146.44,98.062,53.656,35.656,50.969,32.852,79.766,45.031,228.45,77.344,81.859,54.297,265.94,39.922
77.359,48.078,62,56.031,33.172,53.766,53.875,78.641,35.5,33.188,48.047,47.203,47.875,28.5,37.656,48.672,22.242,106.77,114.22,19.766,26.789,70.172,41.5,43.875,65.062,143.69,39.562,92.797,40.391,156.53,32.812
36.984,28.406,43.859,38.891,54.281,119.36,140.27,122.61,92.859,71.5,92.484,52.297,53.266,69.438,86.422,71.125,19.828,42.359,115.16,25.234,48.188,43.5,37.75,42.391,32.219,231.84,37.672,113.94,41.062,46.484,38.312
32.203,140.91,51.922,58.25,68.594,112.95,123.73,55.719,90.672,47.484,44.703,77.594,64.328,48.156,23.688,37.312,80.109,32.203,49.406,29.281,27.641,37.031,54.781,26.203,30.391,164.19,102.09,61.953,43.555,48.672,42.75
37.562,49.016,28.656,54.016,43.078,26.859,117.92,20.672,70.953,118.92,50.875,18.969,131.56,94.156,42.547,20.844,58.766,54.359,61.297,55.562,28.781,43.156,38.031,16.906,29.469,71.469,83.344,33.406,37.125,41.078,28.766
42.688,77.938,53.062,61.422,75.781,64.422,92.609,64.906,46.508,106.84,237.19,62.5,64.906,136.62,55.797,39.75,83.906,88.406,52.75,61.203,48.094,43.469,61.797,40.828,27.484,55.812,72.156,78.484,22.016,56.094,49.219
41.922,127.22,29.812,65.859,37.344,37.781,82.984,82.984,22.203,38.984,71.516,33.172,63.438,53.016,57.469,86.938,23.992,149.12,138.47,21.953,28.008,45.484,25.945,37.281,42.375,142.47,40.219,69.609,41.375,176.19,48.031
48.625,28.859,28.688,46.094,43.906,93.562,78.266,132.66,74.109,87.438,85.906,35.344,31.531,94.188,63.938,38.078,27.5,32.938,24.281,21.031,41.516,30.906,19.5,56.469,42.516,152.81,34.516,140.19,35.734,66.5,46.719
27.062,145.59,23.297,50.938,16.969,65.656,109.72,33.797,53.953,112.45,117.38,27,96.438,59.734,80.25,37.062,90.312,65.578,35,24.938,35.266,62.672,34.75,34.672,16.828,100.67,241.94,40.578,57.812,71.516,103.41
102.06,85.5,41.5,68.484,64.953,20.562,72.562,68.547,25.359,62.156,82.531,52.625,58.719,25.562,104.66,51.922,23.828,125.92,132.97,25.953,27.672,36.312,36.625,60.906,54.016,81.438,53.062,122.61,43.469,248.94,44.938
45.359,76.375,38.5,32.281,54.359,60.969,96.469,43.969,50.578,30.766,56.906,44.203,40.078,36.234,74.484,50.078,14.875,150.59,117.56,33.375,27.352,101.45,54.812,85.625,159.23,109.73,64.531,59.844,79.797,220.56,52.688
26.328,38.594,40.781,16.812,30.172,30.891,85.5,32,32.438,102.25,55.969,130.97,90.25,146.55,20.75,79.688,70.641,29.938,37.969,75.531,26,54.453,35.5,18.938,24.922,107.91,42.125,78.625,24.539,25.422,25.328
28.641,53.5,30.672,21.531,37.766,38.312,75.906,23.695,44.438,106.28,68.75,53.156,121.19,176.08,19.078,78.156,60.578,43.281,32.031,54.844,33.828,38.609,42.312,23.922,16.594,84.875,73.625,76.344,36.062,25.219,40.625
54.234,40.344,22.766,48.656,19.062,156.95,114.08,22.023,40.406,81.922,104.88,50.453,141.33,120.23,129.06,58.594,63.859,32.312,43.141,26,55.172,30.781,34.672,30.078,15.781,71.656,232.22,72.844,19.375,66.688,99.75
72.469,69.828,26.594,76.062,68.438,29.336,70.875,69.969,24.953,31.406,75.859,47.156,27.703,44.438,184.61,84.812,33.016,126.64,163.34,28.5,38.969,32.062,47.844,61.281,22.703,75.375,24.859,70.781,37.047,157.62,62.75
74.062,66.812,59.266,45.641,103.06,27.969,72.359,59.578,27.219,31.062,63.359,54.719,43.656,32,165.83,84.609,24.938,137.94,163.66,39.094,35.594,38.719,61.266,19.938,23.969,91.078,43.5,103.69,83.703,231.56,61.594
145.84,24.844,44.367,170.95,38.75,63.938,67.719,120.5,42.469,59.938,65.156,25.531,54.422,22.922,88.047,84.781,34.578,56.766,159.16,54.312,27.766,83.562,42.234,44.031,56.75,39.469,40.047,87.453,40.234,205.12,64.359
36.891,20.984,25.344,51.734,51.453,79.141,91.562,47.125,62.641,125.95,71.594,33.859,28.938,27.484,43.883,138.25,28.828,56.656,28.203,33.781,53.672,48.266,32,119.25,26.359,91.359,55.75,170.75,23.797,125.69,35.531
31.078,47.125,29.5,58.953,34.078,48.453,61.281,79.453,97.172,41.625,164.36,64.531,33.266,43.953,92.266,31.516,21.617,31.578,116.36,41.195,25.125,53.5,18.5,28.938,27.594,109.81,37.469,35.609,35.484,103.78,64.203
36.438,88.75,20.836,28.078,26.594,30.391,62.75,29.453,78.469,144.48,119.61,33.797,124.45,163.5,100.3,91.969,87.078,29.938,50.922,51.812,67.75,82.266,29.094,31.891,15.5,80.188,225.44,24.031,29.359,26.562,25.422
166.67,33.266,71.469,61,55.078,34.625,58.734,88.75,64.484,58.844,43.5,40.875,47.172,25.906,100.02,85.844,17.891,38.031,140.66,69.031,28.195,92.969,36.516,173.56,53,76.469,38.297,128.47,29.453,251.09,89.688
76.984,90.5,31.172,25.812,66.031,50.656,85.844,71.031,134.2,63.516,170.56,42.422,67.156,50.25,44.219,23.594,40.297,68.906,155.53,40.25,21.594,31.562,19.648,20.016,32.844,103.86,64.031,36.594,35.203,184.72,60.266
35.641,47.781,42.297,48.75,44.375,52.469,54.125,78.141,64.641,42.078,201.44,60.516,61.016,42.297,60.422,34.844,22.625,48.891,91.391,39.328,23.594,73.625,18.18,26.578,39.188,93.891,44.125,55.141,60.031,104,87.453
38.375,44.812,31.781,29.141,49.125,43.719,87.5,22.125,58.672,93.75,137.59,42.547,64.484,111.16,110.75,73.969,61.578,30.219,28.891,37.156,23.953,58.016,45.969,43.344,17.5,89.766,228.66,25.797,69.859,119.41,64.141
40.188,55.219,70.547,59.906,61.469,55.312,116.81,109.12,49.734,50.016,184.5,29.766,46.062,31.734,48.062,44.281,62.766,28.203,99.562,104.11,29.406,98.922,21.016,39.25,35.484,68.406,44.688,48.891,30.914,146.06,36.547
38.609,57.625,41.266,32.812,59.25,68.484,121.22,51.312,74.141,141.38,147.44,48.047,66.656,91.5,177.89,71.375,42.312,50.281,38.5,60.344,44.406,86.172,53.703,38.047,29.016,93.906,242.31,29.656,90.891,59.859,19.594
72.734,101.83,44.812,72.266,62.703,23.094,92.734,46.484,67.031,45.469,59.109,37.766,59.281,50.75,71.266,89.906,50.812,217.56,70.062,136.72,28.641,33.812,44.953,40.922,42.656,68.984,26.469,42.406,28.648,151.97,84.062
32.75,28.062,32.031,35.547,69.359,38.719,116.16,56.5,67.656,65.688,152.19,25.672,52.312,52.391,65.359,33.602,30.234,36.781,95.391,88.891,28.188,122.47,36.109,68.375,81.109,46.156,37.719,33.891,32.859,165.28,51.125
65.25,48.391,91.859,37.734,62.422,124.86,45.062,89.609,34.297,48.406,148.38,56,31.953,86.094,29.594,180.81,35.938,49.094,41.406,38.641,36.328,85.344,49.828,26.953,43.281,107.25,63.75,43.906,35.891,95.391,49.641
71,45.594,34.141,56.234,47.625,63.516,40.859,122.41,50.594,57.172,49.219,43.766,32.641,85.344,53.734,64.141,116.27,161.16,225.27,58.828,20.898,90.609,34.969,21.078,46.078,84.844,27.312,74.109,83.625,49.312,68.375
76.828,33.953,41.688,143.09,55.047,21.469,101.69,32.977,84.797,45.562,50.766,53.234,36.812,47.688,36.141,174.97,97.578,177.42,62.234,42.219,27.344,47.625,56.125,66.828,51.156,92.797,32.75,40.969,30.672,53.562,74
34.469,39.078,51.625,85.516,38.492,158.64,92.828,31.609,43.562,83.359,281.72,60.031,76.234,129.17,143.84,118.34,52.859,45.281,72.891,159.78,34.688,74.062,45.203,43.875,60.094,66.438,105.28,35.609,30.656,61.469,35.906
51.781,31.797,44.375,87.797,51.688,57.172,49.203,127.73,67.438,34.672,41.953,45.922,30.641,114,68.422,92.656,79.609,206.72,199.95,37.32,19.062,45.797,36.875,45.562,41.234,116.81,26.656,93.703,85.625,28.938,54.031
85.156,21.938,46.484,106.66,73.828,33.656,98.281,54.469,72.062,46.062,65.219,44.891,31.781,95.844,68.469,137.22,48.312,211.83,222.06,36.75,27.031,61.375,49.375,64.516,47.312,102.59,57.688,93.266,43.25,43.875,48.25
80.438,41.156,58.094,41.641,59.547,34.531,74.859,43.016,107.22,57.609,169.59,49.734,42.641,46.062,59.422,82.906,44.016,19.562,142.53,60.719,26.094,122.53,48.234,32.688,52.375,70.531,49.25,48.922,54.266,57.547,34.719
54.516,36.812,39.906,29.406,41.656,52.297,113.78,57.906,55.094,47.25,174.91,26.859,32.094,41.188,44.484,54.812,53.984,19,92.641,82.781,22.188,133.09,49.406,41.75,82.266,65.906,76.547,42.438,40.953,88.562,29.625
82.953,43.531,54.75,78.125,61.062,57.406,52.578,129.8,65.375,36.625,45.125,46.891,50.719,72.938,32.328,53.469,94.578,187.81,218.7,34.992,16.766,72.484,31.953,60.781,43.5,68.062,16.406,63.109,102.06,22.375,123.53
54.938,23.969,59.109,139.08,55.844,24.938,71.516,84.188,71.219,46.375,64.781,36.922,37.516,83.891,36.766,93.766,61.656,264.67,82.609,35.25,21.625,44.797,51,87.734,49.281,99.969,40.656,42.328,46.141,85.422,57.375
67.359,46.469,56.75,45.141,64.625,103.56,135.94,48.828,56.844,59.984,202.62,32.75,28.867,52.812,35.266,89.188,32.312,23.531,127.72,101.97,28.875,157.97,37.453,60.312,74.125,50.656,41.594,49.25,35.172,57.562,34.625
83.453,61.625,44.641,107.14,43.281,105.02,70.188,147.86,51.875,47.766,47.656,41.844,47.141,94.969,41.016,65.391,110.44,142.19,177.84,23.062,17.445,72.297,47.422,54.375,56.453,71.234,66.234,49.328,76.969,42.266,261.28
69.156,37.953,62.656,99.266,49.188,21,64.297,39.812,76.469,32.094,44.953,44.75,34.766,145.25,25,68.594,108.92,255.84,191.41,37.953,17.438,90.75,39.125,70.422,44.422,99.828,110.91,75.25,80.281,18.344,179.47
91.156,28.797,60.734,130.3,60.562,19.844,167.28,66.375,75.688,53.75,48.516,53.828,61.859,137.28,18.125,77.719,78.797,289.81,176.09,38.641,23.711,90.641,42.953,98.703,54.469,55.828,58.594,65.398,107.61,22.109,246.56
64.406,65.453,67.859,75.578,46.5,38.594,43.203,59.359,102.86,40.172,66.516,36.844,43.484,22.938,36.43,38.094,22.609,96.703,27.594,42.031,36.094,218.48,45.781,114.92,89.375,59.844,38.75,134.28,31.781,44.562,76.781
65.484,62.125,36.766,39.703,31.203,66.016,112.88,87.125,115.48,43.953,185.67,29.164,34.609,54.781,48.391,46.312,35.484,37.031,31.562,76.812,35.875,107.59,27.578,41.484,47.719,88.453,41.031,56.688,47.906,40.719,63.188
97.375,33.625,81.438,118.67,48.547,120.44,52.797,152.16,19.531,52.297,50.047,44.047,43.125,63.75,38.281,74.344,106.27,123.84,119.92,37.062,22.422,74.234,40.594,59.922,91.688,68.547,74.953,39.797,43.781,47.453,322.75
60.859,55.344,66.625,79.922,67.297,19.953,219.72,75.594,71.281,54.109,36.844,28.359,137.05,112.44,24.906,74.234,51.969,305.38,159.7,41.219,21.312,81.266,40.312,94.094,58.625,100,116.12,48.594,113.94,18.969,297.5
58.75,64.438,60.703,50.328,37.828,31.5,149.47,104.77,69.5,35.781,143.88,59.773,29.719,27.031,49.547,48.922,22.359,40.594,49.844,50.781,21.406,81.969,41.406,34.102,44.828,60.688,32.188,66.5,32.438,60.781,146.44
106.25,19.281,45.172,105.45,68.391,21.562,45.312,84.078,112.56,43.156,67.797,32.688,60.281,54.875,16.734,60.094,20.578,53.656,62.203,39.875,18.562,67.078,62.578,85.172,47.094,48.125,30.375,53.75,75.547,101.92,279.66
107.81,16.938,62.703,67.609,54.344,24.156,41.719,110.97,141.27,80.531,62.969,34.203,29.594,50.812,27.312,88.688,18.453,43.875,67.781,36.281,21.75,40.734,58.578,88.766,73.625,37.312,104,78.203,50.859,48.094,249.91
63.828,103.8,47.766,75.812,27.086,49.047,58.812,48.094,45.516,55.547,178.27,71.359,77,67.391,43.078,110.08,38.625,67.625,28.688,143.41,32.953,99.781,46.297,54.25,42.391,70.578,74.438,42.578,224.78,46.172,57.219
77.703,22.484,51.219,87.406,46.078,18.656,50.578,86.531,171.2,84.484,79.719,58.703,57.875,41.297,42.422,107.56,22.969,37.938,56.344,59.875,25.188,54.438,43.266,50.469,69.25,37.25,129.78,88.906,70.656,126.03,270.72
65.109,17.297,50.109,66.109,42.547,31.859,115.22,94.875,142.7,63,91.547,55.312,55.906,44.672,55.797,124.86,26.688,73.781,40.312,55.969,23.844,64.156,33.344,96.234,50.625,39.609,69.281,82.625,54.547,137.42,284.03
65.203,24.516,38.719,49.344,42.008,26.5,191.97,43.656,180.83,73.766,78.578,94.188,51.406,56.781,53.359,145.3,33.391,30.875,46.172,54.219,19.906,67.75,22.969,78.266,70.938,68.625,124.7,91.438,95.281,74.938,265.84
79.734,30.109,34.273,40.281,44.984,40.172,192.5,59.938,62.109,81.297,85.172,56.031,32.141,39.031,54.969,132.02,28.656,44.094,92.906,46.188,39.781,51.219,29.062,96.812,84.969,88.641,81.766,53.141,85.406,51.734,250.09
89.094,34.047,45.023,63.5,48.391,56.141,123.81,61.062,53.969,86.469,139.48,49.578,59.555,54.719,71.641,82.688,28.906,52.781,54.922,59.406,27.406,74.594,30.203,65.188,73.469,211.06,77.688,52.328,117.38,46.719,230.31
59.547,20.125,52.531,57.766,80.734,29.391,174.09,48.234,73.656,27.172,77.438,46.195,51.469,32.672,53.156,115.19,61.656,40.562,229.27,42.781,25.797,83.688,29.812,68.312,81.234,99.875,68.531,58.031,48.656,65.672,206.69
77.312,39.18,47.703,52.344,39.734,40.234,168.09,43.875,86.719,94.906,72.969,52.047,53.562,60.203,56.922,66.844,18.422,48.922,192.31,45.5,20.719,87.969,23.445,77.594,67.094,114.52,148.48,58.641,40.016,42.859,234
41.656,84,58.438,99.031,16.078,98.594,115.84,22.742,99.141,25.281,41.625,47.578,96.594,59.906,191.88,56.484,31.312,38.062,66.469,35.766,25.641,47.438,47.719,37.719,31.281,32.578,43.016,54.188,30.781,37.297,33.281
40.016,47.109,153.94,145.41,25.844,65.188,83.406,36.875,30.688,27.422,43.328,46.828,35.703,55.031,86.75,61.766,38.555,83.781,51,29.781,33.234,31.234,34.844,33.156,80.672,30.547,39.766,64.609,32.828,57.5,43.266
49.172,67.828,80.984,196.75,23.234,74.281,123.5,38.188,44.922,35.031,49.734,48.844,34.875,133.33,73.219,39.445,82.094,56.109,29.344,28.469,34.547,19.859,46.344,37.812,64.984,54.047,41.312,57.469,24.797,39.969,56.875
45.344,98.172,24.086,27.375,41.438,210.28,35.125,29.328,40.25,50.344,94.406,30.609,83.812,42,46.938,24.547,23.266,27.234,111.58,21.469,27.141,22.875,44.422,27.234,60.75,94.266,66.219,71.141,132.06,123.25,39.922
98.375,49.688,48.312,61.719,81.641,78.719,27.375,110.94,26.781,35.328,36.766,36.625,61.531,34.547,74.359,55.836,37.094,44.734,43.531,50.125,48.266,64.828,26.203,153.22,41.812,39.594,78.625,196.66,225.86,58.203,52.609
32,36.609,45.094,81.516,64.938,41.664,28.766,140.98,40.672,22.219,24.742,36.234,29.344,49.562,86.359,34.391,26.719,32.266,29.922,43.062,36.156,31.953,30.031,134.5,58.109,42.734,94.281,148.95,30.844,77.062,70.781
26.531,24.094,20.25,61.922,54.297,95.641,31.414,79.375,29.688,45.719,36.195,34.609,25.453,38.422,78.125,73.047,19.719,34.922,27.734,27.922,20.375,17.461,62.797,96.547,41.922,47.984,23.5,164.47,55.859,41.078,36.719
155.47,23.453,49.25,36.641,64.406,181.16,23.656,135.88,21.922,61.562,79.547,76.453,40.68,22.125,41.531,50.047,42.109,32.656,40.797,19.562,21.266,53.234,37.609,27.641,13.188,56.625,105.06,57.312,54.75,42.094,29.516
37.242,28.984,24.531,34.391,40.578,119.06,48.078,39.375,28.188,37.359,29.133,58.734,26.75,37.953,41.188,26.656,50.625,57.859,19.281,36.094,20.75,37.594,49.234,97.812,65.781,28.891,31.922,41.469,29.328,36.438,23.609
31.781,40.406,37.984,84.75,35.672,56.141,48.891,157.64,33.922,32.172,30.016,50.594,28.625,48.906,63.562,31.125,155.38,33.359,22.406,31.891,50.484,29.422,46.531,78.156,83.484,63.359,29.625,80.812,55.094,35.078,44.75
23.344,67.336,26.484,46.969,32.359,37.969,52.125,214.16,35.336,52.391,49.172,133.12,21.266,87.031,130.31,24.844,22.234,52.344,33.516,52.594,26.766,42.141,34.219,69.031,88.297,65.719,15.562,39,78.578,34.844,45.609
78.688,84.188,43.75,32.312,72.984,63.625,38.625,90.047,31.078,57.156,26.594,91.93,37.641,25.734,42.812,49,18.859,52.844,31.406,40.203,33.859,181.97,37.625,153.62,21.719,35.219,35.062,63.031,49.625,45.109,30.328
