-0.34495,-2.55403,-1.23009,-0.54254,-0.12572,0.07127,0.85876,0.76860
-0.43029,-2.46975,-1.23009,-0.53224,0.00940,0.14521,0.71819,1.05407
-0.34495,-2.46975,-1.09146,-0.54729,-0.48424,0.00034,0.79330,1.02258
-0.25961,-2.46975,-1.23009,-0.56551,0.07764,-0.02599,-0.59266,-0.88147
-0.51563,-2.38547,-1.23009,-0.58690,0.47560,-1.04338,-1.20714,-0.18994
-0.43029,-2.38547,-1.09146,-0.36748,-0.69952,-0.34999,0.62509,1.13095
-0.34495,-2.38547,-1.03404,-0.47600,-0.81977,-0.15499,0.39389,1.41079
-0.25961,-2.38547,-1.09146,-0.55680,-0.91173,-0.47429,0.62650,0.54058
-0.17427,-2.38547,-1.23009,-0.58056,-0.18725,0.71682,1.39377,2.49104
-0.51563,-2.30119,-1.23009,-0.56947,0.99952,-0.99842,-1.33001,-0.23734
-0.43029,-2.30119,-1.09146,0.11731,-0.39398,-0.06927,0.76201,0.06653
-0.34495,-2.30119,-0.95284,-0.24549,-0.74764,-0.74912,-1.67303,-1.49117
-0.25961,-2.30119,-1.03404,-0.50293,-0.72518,-0.53624,0.37683,1.03567
-0.17427,-2.30119,-1.09146,-0.53383,-0.83308,0.02994,-0.30798,1.99891
-0.08892,-2.30119,-1.23009,-0.58849,0.36889,-0.29867,0.61376,2.04348
-0.51563,-2.21691,-1.23009,-0.54175,1.25965,-0.80764,0.25423,0.96011
-0.43029,-2.21691,-1.09146,0.46427,0.10230,0.31461,1.15033,0.40337
-0.34495,-2.21691,-0.95284,1.05679,-0.70424,-0.11227,0.34207,-0.26347
-0.25961,-2.21691,-0.92011,0.35020,-0.26137,-0.02915,0.56496,1.68661
-0.17427,-2.21691,-1.03404,-0.46966,-0.56836,-0.31492,0.12636,2.66048
-0.08892,-2.21691,-1.09146,-0.53858,0.41735,0.15791,0.34662,0.78393
-0.60097,-2.13263,-1.23009,-0.58373,1.04157,-0.98821,-0.13707,-0.29135
-0.51563,-2.13263,-1.09146,-0.55284,0.64829,-0.79226,-0.17493,0.86570
-0.43029,-2.13263,-1.03404,-0.38015,-1.00202,-0.68037,0.38440,-0.00520
-0.34495,-2.13263,-0.92011,-0.38966,-0.56086,-0.29804,-0.14987,0.39844
-0.25961,-2.13263,-0.83800,-0.44115,-0.92465,0.73900,0.57033,2.60102
-0.17427,-2.13263,-0.92011,-0.49739,0.11336,0.36025,1.78015,2.51562
-0.08892,-2.13263,-1.03404,-0.54096,0.12705,0.12568,-0.08785,0.98041
-0.00358,-2.13263,-1.09146,-0.57343,1.36590,-0.03170,-0.12636,-0.00314
-0.60097,-2.04835,-1.23009,-0.56789,1.64146,-0.69432,0.30111,-0.20117
-0.51563,-2.04835,-1.09146,1.20413,0.07091,-0.35926,-0.84510,-0.02604
-0.43029,-2.04835,-0.95284,-0.31520,0.98847,0.68202,0.41355,-0.03399
-0.34495,-2.04835,-0.83800,-0.35401,-0.93101,-0.95813,-1.83488,0.04622
-0.25961,-2.04835,-0.73027,-0.46808,-0.61126,-0.58747,-1.36627,-0.56019
-0.17427,-2.04835,-0.81422,-0.45541,-0.85359,-0.22831,-1.70000,1.33650
-0.08892,-2.04835,-0.95284,-0.50293,0.16501,0.29648,-0.90391,0.40421
-0.00358,-2.04835,-1.09146,-0.57502,2.06926,0.01932,-1.18258,-0.84250
-0.68631,-1.96407,-1.23009,-0.57423,2.23898,-0.97925,-0.33686,-0.26068
-0.60097,-1.96407,-1.09146,0.00879,0.57717,0.20633,-0.39762,-1.34931
-0.51563,-1.96407,-1.03404,0.12840,-0.75769,-0.24778,0.46266,0.12700
-0.43029,-1.96407,-0.92011,0.05869,-1.17640,-0.63099,0.10739,0.46002
-0.34495,-1.96407,-0.79172,0.28762,-0.96309,-0.98550,-0.33219,0.28252
-0.25961,-1.96407,-0.67559,-0.36193,0.09534,-0.27967,2.19537,1.93521
-0.17427,-1.96407,-0.81422,-0.29777,-0.62801,-0.54329,-1.35565,-0.35447
-0.08892,-1.96407,-0.95284,-0.50135,0.38860,-0.07790,-0.54284,-0.04372
-0.00358,-1.96407,-1.09146,-0.57185,1.94536,-0.26899,-0.19271,0.17884
-0.68631,-1.87979,-1.09146,-0.27955,3.29289,-0.62063,-1.02634,-0.53057
-0.60097,-1.87979,-1.03404,0.11097,-1.03752,-0.25679,1.77845,1.41891
-0.51563,-1.87979,-0.92011,0.03334,-0.97991,-0.55859,1.19964,1.10942
-0.43029,-1.87979,-0.83800,-0.08627,-0.97945,-0.72516,-0.30244,-0.34927
-0.34495,-1.87979,-0.73027,-0.16311,-0.95734,-0.90147,-1.69838,-0.63974
-0.25961,-1.87979,-0.67559,-0.19162,-0.46110,-0.90951,-1.45070,-0.45222
-0.17427,-1.87979,-0.81422,-0.29539,-0.59707,-0.62239,0.74217,1.04580
-0.08892,-1.87979,-0.95284,-0.43877,-0.15168,-0.51539,0.17775,0.78237
-0.00358,-1.87979,-1.09146,-0.54413,0.73450,-0.48232,-1.35482,0.34058
0.08176,-1.87979,-1.23009,-0.58928,0.72543,-0.32066,-2.30452,0.63225
-0.77166,-1.79551,-1.23009,-0.52195,2.69222,-1.31445,-1.86334,-1.07110
-0.68631,-1.79551,-1.09146,-0.49818,1.65707,-0.50083,0.49137,-0.71289
-0.60097,-1.79551,-0.95284,0.16563,-0.95134,-0.63694,-0.18244,-0.47049
-0.51563,-1.79551,-0.83800,0.07850,-1.10166,-0.67963,-1.00979,-0.59070
-0.43029,-1.79551,-0.73027,-0.06805,-0.89845,-1.37925,-1.62101,-0.24731
-0.34495,-1.79551,-0.64196,-0.02448,-0.67777,-0.88012,-1.06053,-0.46436
-0.25961,-1.79551,-0.67559,0.02938,-0.82136,-0.55303,0.05164,-0.39763
-0.17427,-1.79551,-0.81422,-0.24549,-0.54720,-0.58036,-1.04290,-0.02786
-0.08892,-1.79551,-0.95284,-0.08231,-0.25911,-0.53935,0.22145,0.22409
-0.00358,-1.79551,-1.09146,-0.50135,0.73281,0.01315,1.21126,1.37188
0.08176,-1.79551,-1.23009,-0.55759,1.53795,-0.40757,0.01420,-0.26268
-0.77166,-1.71123,-1.23009,-0.55363,2.48142,-1.14196,-1.54331,-0.33795
-0.68631,-1.71123,-1.09146,0.01909,0.81547,-0.68305,-1.25839,-0.84851
-0.60097,-1.71123,-0.95284,0.07612,-1.23760,-0.91797,-1.35948,0.07389
-0.51563,-1.71123,-0.81422,0.07850,-1.00147,-0.42874,0.21842,-0.37762
-0.43029,-1.71123,-0.67559,0.04206,-0.77707,-0.57497,-0.06326,-0.02696
-0.34495,-1.71123,-0.53697,0.12999,-0.71360,-0.82255,-1.99392,-1.36459
-0.25961,-1.71123,-0.67559,0.07533,-0.85530,-0.82506,-1.44115,-0.83756
-0.17427,-1.71123,-0.81422,-0.00389,-0.41688,-0.64554,-0.28450,-0.59098
-0.08892,-1.71123,-0.95284,-0.30252,0.04316,-0.51835,-1.53918,-1.37577
-0.00358,-1.71123,-1.09146,-0.47600,0.46949,-0.02726,-0.54901,-0.94025
0.08176,-1.71123,-1.23009,-0.56947,1.91525,-0.06830,-0.41794,-0.07014
-0.77166,-1.62695,-1.23009,-0.09657,3.14629,-1.03302,-1.75130,-1.01290
-0.68631,-1.62695,-1.09146,-0.09023,-0.61023,-0.35822,-0.47571,0.05984
-0.60097,-1.62695,-0.95284,0.01671,-0.90897,-0.60357,-1.57923,-0.51132
-0.51563,-1.62695,-0.81422,-0.02211,-1.21722,-0.88592,-1.13126,-0.08493
-0.43029,-1.62695,-0.67559,-0.04191,-1.02907,-0.62009,0.30198,0.38088
-0.34495,-1.62695,-0.53697,-0.07280,-0.79454,-0.82710,-1.14991,-1.25251
-0.25961,-1.62695,-0.67559,0.01354,-1.11795,-0.89068,-0.93319,0.68752
-0.17427,-1.62695,-0.81422,-0.10053,-0.77215,-0.17352,1.30214,0.56971
-0.08892,-1.62695,-0.95284,-0.22093,-0.07389,0.08903,0.37130,-0.01577
-0.00358,-1.62695,-1.09146,-0.45541,1.65082,-0.19448,-0.40671,0.38862
0.08176,-1.62695,-1.23009,-0.58690,1.53441,-0.19658,-0.42533,-0.86189
-0.85700,-1.54267,-1.23009,-0.59245,2.81791,-1.08288,-0.56180,-0.93755
-0.77166,-1.54267,-1.09146,-0.11558,0.41961,-0.41214,-0.20253,-0.75458
-0.68631,-1.54267,-1.03404,-0.05062,-0.74947,-0.46180,-0.54536,0.68170
-0.60097,-1.54267,-0.92011,-0.12271,-1.25492,-0.44280,-0.61916,0.06426
-0.51563,-1.54267,-0.79172,-0.07439,-0.88384,-0.56545,-0.88113,-0.44113
-0.43029,-1.54267,-0.65853,-0.13063,-0.95023,-0.31545,-0.63801,-0.70792
-0.34495,-1.54267,-0.53697,-0.10290,-0.83564,-0.80071,-0.73074,0.11273
-0.25961,-1.54267,-0.67559,-0.21935,-0.85794,-0.77874,-0.20639,0.61968
-0.17427,-1.54267,-0.81422,-0.38966,-0.49760,-0.39092,0.52724,-0.11079
-0.08892,-1.54267,-0.95284,-0.44511,0.06548,-0.34573,-0.28909,-0.23062
-0.00358,-1.54267,-1.09146,-0.50531,0.99045,-0.28474,-0.62480,-0.23139
0.08176,-1.54267,-1.23009,-0.58849,1.66827,0.02534,-0.64407,-0.83126
-0.85700,-1.45839,-1.23009,-0.51165,1.94689,-0.77013,-1.04435,-1.46637
-0.77166,-1.45839,-1.09146,-0.11795,-0.24420,-0.43107,-0.47100,-0.82212
-0.68631,-1.45839,-0.95284,-0.12192,-1.01964,-0.27486,1.21376,1.53253
-0.60097,-1.45839,-0.83800,-0.06250,-1.16898,-0.36846,-1.05344,-0.92572
-0.51563,-1.45839,-0.73027,-0.08785,-1.10494,-0.69085,-1.53451,-0.78375
-0.43029,-1.45839,-0.61014,-0.20984,-1.08562,-0.88734,-1.49160,-0.66057
-0.34495,-1.45839,-0.53697,-0.29143,-0.74729,-0.47828,-1.18404,-0.74418
-0.25961,-1.45839,-0.67559,-0.38728,-1.03403,-0.52326,-0.51887,-0.29410
-0.17427,-1.45839,-0.81422,-0.46570,-0.82380,-0.73775,-1.73067,-0.24259
-0.08892,-1.45839,-0.95284,-0.48868,-0.08367,0.17647,0.70744,0.17193
-0.00358,-1.45839,-1.09146,-0.53145,0.91508,-0.27096,-1.60358,-1.40616
0.08176,-1.45839,-1.23009,-0.58928,1.58132,-0.04665,-0.71659,-0.97071
-0.94234,-1.37411,-1.23009,-0.57660,2.26464,-1.01325,-1.28963,-0.75865
-0.85700,-1.37411,-1.09146,-0.16073,0.82569,-0.77242,-0.24826,-0.81025
-0.77166,-1.37411,-1.03404,-0.14172,-1.08181,-0.23335,0.90575,0.40536
-0.68631,-1.37411,-0.92011,-0.07201,-0.98823,-0.31930,0.37621,1.15683
-0.60097,-1.37411,-0.79172,-0.17024,-1.24686,-0.66337,-1.37035,-0.54050
-0.51563,-1.37411,-0.65853,-0.13142,-1.14438,-0.56061,-0.30921,0.37141
-0.43029,-1.37411,-0.53697,-0.25579,-1.13924,-0.89623,-1.24548,-0.71024
-0.34495,-1.37411,-0.53697,-0.25262,-0.82830,-0.64635,-0.88769,-0.92724
-0.25961,-1.37411,-0.67559,-0.26371,-0.77096,-0.36432,0.55687,1.05256
-0.17427,-1.37411,-0.81422,-0.43877,-0.69927,0.11651,1.90785,1.27164
-0.08892,-1.37411,-0.95284,-0.39362,-0.53812,0.19826,0.69693,0.46300
-0.00358,-1.37411,-1.09146,-0.49581,0.41303,0.17073,-0.50215,-0.87442
0.08176,-1.37411,-1.23009,-0.57581,0.65924,-0.01887,-1.28922,-1.28590
-0.94234,-1.28983,-1.23009,-0.38095,2.28094,-0.59395,-0.47547,-0.25480
-0.85700,-1.28983,-1.09146,-0.01022,-0.08709,-0.36013,0.81317,0.37502
-0.77166,-1.28983,-0.95284,-0.07597,-0.77382,-0.40103,0.65127,1.16227
-0.68631,-1.28983,-0.83800,-0.14330,-1.03987,-0.51730,-0.04820,-0.13651
-0.60097,-1.28983,-0.73027,-0.01181,-1.01720,-0.38992,-0.15095,-0.02099
-0.51563,-1.28983,-0.61014,-0.20271,-0.85163,0.00853,1.26059,0.43875
-0.43029,-1.28983,-0.48357,-0.30490,-0.98913,-0.47727,1.26090,1.23881
-0.34495,-1.28983,-0.52324,-0.29460,-0.78955,-0.14777,0.66824,0.80269
-0.25961,-1.28983,-0.65853,-0.36352,-0.67800,-0.02335,1.96883,2.23165
-0.17427,-1.28983,-0.79172,-0.39362,-0.66210,-0.05455,1.80513,1.60533
-0.08892,-1.28983,-0.92011,-0.25262,-0.67338,-0.21101,-0.67208,-0.90037
-0.00358,-1.28983,-1.03404,-0.49264,-0.09973,-0.30045,-0.47585,-0.28425
0.08176,-1.28983,-1.09146,-0.56631,0.42276,-0.07757,-0.47169,-1.50616
-1.02768,-1.20555,-1.23009,-0.51799,2.57491,-1.29931,-0.88518,0.02673
-0.94234,-1.20555,-1.09146,-0.01418,0.43274,-0.58691,-1.41870,-0.81929
-0.85700,-1.20555,-1.03404,-0.08389,-0.67154,-0.34016,-1.19419,-1.10538
-0.77166,-1.20555,-0.92011,-0.15677,-1.31529,-0.53932,0.19144,-0.21344
-0.68631,-1.20555,-0.79172,-0.16628,-0.86171,-0.46282,0.05926,0.11941
-0.60097,-1.20555,-0.65853,-0.17420,-0.92360,-0.61049,-0.86556,-0.70995
-0.51563,-1.20555,-0.53697,-0.23361,-0.82866,-0.31530,0.13049,-0.18765
-0.43029,-1.20555,-0.42178,-0.24153,-0.79853,-0.33723,0.39205,0.91822
-0.34495,-1.20555,-0.48357,-0.29619,-0.92822,-0.31359,1.35699,1.17773
-0.25961,-1.20555,-0.61014,-0.33104,-0.79161,0.30355,1.50218,0.30799
-0.17427,-1.20555,-0.73027,-0.21301,-0.68622,0.36102,0.72264,-0.26532
-0.08892,-1.20555,-0.83800,-0.28351,-0.83305,-0.28628,-0.25176,-0.27130
-0.00358,-1.20555,-0.92011,-0.38966,-0.57244,-0.04960,-0.26223,-0.59536
0.08176,-1.20555,-1.03404,-0.52195,-0.35409,0.13531,0.79753,0.06560
0.16710,-1.20555,-1.09146,-0.57977,0.16461,-0.30600,-0.25005,-0.52713
0.25244,-1.20555,-1.23009,-0.58690,0.82223,-0.12565,0.36770,-0.16359
-1.02768,-1.12127,-1.23009,-0.39124,2.88091,-1.40644,-1.45946,-0.23267
-0.94234,-1.12127,-1.09146,-0.14410,-0.05041,-0.51006,-0.39594,-0.35954
-0.85700,-1.12127,-0.95284,-0.13301,-0.87302,-0.54088,-0.21211,-0.43276
-0.77166,-1.12127,-0.83800,-0.16390,-0.93312,-0.45544,-1.19153,-1.28175
-0.68631,-1.12127,-0.73027,-0.09736,-0.76978,-0.55601,-0.47692,0.28888
-0.60097,-1.12127,-0.61014,-0.15122,-0.95298,-0.26967,0.64322,0.21933
-0.51563,-1.12127,-0.48357,-0.21380,-1.19584,-0.59213,-0.31178,0.03424
-0.43029,-1.12127,-0.35335,-0.28826,-0.76192,-0.06324,1.71682,0.54449
-0.34495,-1.12127,-0.42178,-0.24390,-1.01041,-0.73208,-1.78407,-1.04440
-0.25961,-1.12127,-0.53697,-0.19083,-0.52204,-0.50161,-0.59034,-0.81744
-0.17427,-1.12127,-0.64196,-0.15994,-0.87952,-0.15161,-0.22170,-0.80337
-0.08892,-1.12127,-0.73027,-0.37857,-0.68921,-0.08386,0.34101,-0.27897
-0.00358,-1.12127,-0.83800,-0.49977,-0.66431,-0.47220,0.98554,1.29519
0.08176,-1.12127,-0.92011,-0.53462,-0.14327,-0.45312,0.76842,0.46950
0.16710,-1.12127,-1.03404,-0.43719,0.04918,0.18118,1.21829,0.12922
0.25244,-1.12127,-1.09146,-0.55205,-0.05785,-0.35070,0.12188,-0.53696
0.33778,-1.12127,-1.09146,-0.58532,0.71178,-0.41354,0.37982,-0.06376
0.42312,-1.12127,-1.09146,-0.58928,1.06345,0.20358,0.41609,-0.09130
-1.02768,-1.03699,-1.23009,-0.40075,1.74869,-1.26392,-1.79930,-0.43711
-0.94234,-1.03699,-1.09146,-0.10845,-0.58847,-0.61142,-0.97241,-0.45036
-0.85700,-1.03699,-0.95284,-0.07597,-1.08439,-0.45712,-0.02000,-0.07693
-0.77166,-1.03699,-0.81422,-0.14093,-1.13151,-0.69425,-0.63549,-0.90251
-0.68631,-1.03699,-0.67559,-0.18370,-1.21577,-0.78476,-0.93976,-0.20028
-0.60097,-1.03699,-0.53697,-0.23123,-1.15767,-0.53691,-0.69465,0.33590
-0.51563,-1.03699,-0.42178,-0.26371,-0.85109,-0.63991,-0.47396,0.09263
-0.43029,-1.03699,-0.30017,-0.24311,-0.78087,-0.89696,-0.62935,-0.61996
-0.34495,-1.03699,-0.34246,-0.24628,-0.65218,-0.48529,0.02453,0.43695
-0.25961,-1.03699,-0.44591,-0.07676,-0.76787,-0.59774,-0.73614,-0.47258
-0.17427,-1.03699,-0.53697,-0.12588,-0.53074,-0.07375,0.42753,-0.04491
-0.08892,-1.03699,-0.64196,-0.32391,-0.42875,-0.34357,-0.60332,-1.00824
-0.00358,-1.03699,-0.73027,-0.43956,-0.50166,-0.37493,0.02461,-0.34507
0.08176,-1.03699,-0.83800,-0.47046,0.00007,-0.06508,1.55014,0.84522
0.16710,-1.03699,-0.92011,-0.50056,-0.18492,-0.44298,0.35830,-0.26928
0.25244,-1.03699,-0.95284,-0.43560,-0.03161,-0.11606,1.64404,1.09170
0.33778,-1.03699,-0.95284,-0.48472,0.02311,-0.27211,1.04206,0.08458
0.42312,-1.03699,-1.09146,-0.49184,0.54242,0.25026,0.84531,-0.15316
0.50846,-1.03699,-1.23009,-0.58769,0.16416,-0.03042,0.92386,0.12957
-1.02768,-0.95272,-1.23009,-0.35718,3.77687,-1.43862,-1.47576,-0.24239
-0.94234,-0.95272,-1.09146,-0.03082,-0.62779,-0.51642,-0.20267,-0.02990
-0.85700,-0.95272,-0.95284,0.01037,-1.12156,-0.22844,-0.62711,-0.83719
-0.77166,-0.95272,-0.81422,-0.19004,-1.15624,-0.27561,-0.51306,-0.37242
-0.68631,-0.95272,-0.67559,-0.21222,-0.81794,-0.63813,-1.12048,-0.37761
-0.60097,-0.95272,-0.53697,-0.20509,-0.95498,-0.87853,-1.71267,-1.17704
-0.51563,-0.95272,-0.39834,-0.14251,-0.83010,-0.53374,-0.75397,-0.98105
-0.43029,-0.95272,-0.25972,-0.10053,-0.68631,-0.56379,-0.67452,-0.47707
-0.34495,-0.95272,-0.24987,-0.08310,-0.29103,-0.31068,-0.15856,-1.20394
-0.25961,-0.95272,-0.34246,-0.18529,-0.45457,-0.35338,0.20394,0.37885
-0.17427,-0.95272,-0.44591,-0.13063,-0.74347,-0.14601,0.28171,0.32341
-0.08892,-0.95272,-0.53697,-0.25103,-0.56663,-0.09208,-0.00637,-0.93309
-0.00358,-0.95272,-0.64196,-0.37461,-0.27567,-0.25669,0.88841,0.51654
0.08176,-0.95272,-0.73027,-0.42768,-0.32630,-0.49634,-0.29800,-0.77741
0.16710,-0.95272,-0.79172,-0.46016,0.27974,0.01681,1.44853,0.77940
0.25244,-0.95272,-0.81422,-0.52195,0.36617,0.24302,1.72744,1.21965
0.33778,-0.95272,-0.92011,-0.51561,-0.20516,-0.22670,1.80675,1.43568
0.42312,-0.95272,-1.03404,-0.26767,-0.02737,0.09647,1.36328,0.51621
0.50846,-0.95272,-1.09146,-0.14568,0.23027,0.20159,0.76639,-0.02564
0.59381,-0.95272,-1.23009,-0.54413,1.05486,0.02503,1.24410,0.70083
-1.02768,-0.86844,-1.09146,-0.09102,3.41011,-0.85013,-0.91788,-0.19056
-0.94234,-0.86844,-1.03404,0.04839,-0.84850,0.19203,0.59019,0.47856
-0.85700,-0.86844,-0.92011,-0.12588,-0.94459,0.05819,0.15107,-0.00050
-0.77166,-0.86844,-0.79172,-0.20271,-0.71255,-0.45490,-1.35059,-0.69208
-0.68631,-0.86844,-0.65853,-0.19479,-0.58646,-0.47538,-1.67250,-0.90150
-0.60097,-0.86844,-0.52324,-0.03716,-0.53982,-0.53530,0.08230,-0.37902
-0.51563,-0.86844,-0.38687,-0.08785,-0.74919,-0.57831,-0.54359,-0.64349
-0.43029,-0.86844,-0.24987,-0.08548,-0.35713,-0.42667,-0.84841,-0.67263
-0.34495,-0.86844,-0.14740,-0.19558,-0.24604,-0.34410,0.03635,-0.68811
-0.25961,-0.86844,-0.24987,-0.25103,-0.14301,-0.11846,0.02059,-0.58898
-0.17427,-0.86844,-0.34246,-0.20430,-0.66057,-0.23769,0.69074,0.24836
-0.08892,-0.86844,-0.44591,-0.31837,-0.31377,-0.28226,0.09352,-0.28313
-0.00358,-0.86844,-0.53697,-0.41184,-0.00863,-0.16891,0.04938,-0.31708
0.08176,-0.86844,-0.61014,-0.42293,0.13550,-0.13931,1.58630,0.64235
0.16710,-0.86844,-0.65853,-0.52511,1.03907,0.01249,0.78032,-0.65977
0.25244,-0.86844,-0.73027,-0.48947,0.47100,-0.06376,0.41364,-0.85548
0.33778,-0.86844,-0.83800,-0.45699,0.18053,-0.51925,-1.05201,-1.26742
0.42312,-0.86844,-0.92011,-0.38174,-0.14245,0.12851,1.30496,0.53730
0.50846,-0.86844,-1.03404,0.19494,0.33885,0.12364,1.61890,0.90577
0.59381,-0.86844,-1.09146,0.20603,0.14393,0.31911,1.45839,0.48719
0.67915,-0.86844,-1.23009,-0.53383,0.34068,-0.09547,-0.11192,-1.01970
0.76449,-0.86844,-1.23009,-0.59165,0.75675,-1.54064,12.98424,-11.46788
-1.11302,-0.78416,-1.23009,-0.59324,3.83898,-1.40414,-1.63998,-0.85095
-1.02768,-0.78416,-1.09146,-0.10686,2.59629,-0.08923,-1.80476,-1.35750
-0.94234,-0.78416,-0.95284,-0.12112,-1.10876,-0.01999,1.30894,1.22090
-0.85700,-0.78416,-0.83800,-0.12271,-0.88337,-0.21349,0.85470,0.98508
-0.77166,-0.78416,-0.73027,-0.13697,-0.61232,-0.24236,-0.98607,-0.47092
-0.68631,-0.78416,-0.61014,-0.01973,-0.77903,-0.39156,0.40351,0.10270
-0.60097,-0.78416,-0.48357,-0.03240,-0.75745,-0.53007,0.58950,0.35421
-0.51563,-0.78416,-0.35335,-0.06805,-0.45232,-0.03958,1.73986,1.50849
-0.43029,-0.78416,-0.22089,-0.20588,-0.26235,-0.32034,0.97993,0.46652
-0.34495,-0.78416,-0.08696,-0.30411,-0.09761,-0.00780,0.98762,0.52819
-0.25961,-0.78416,-0.14740,-0.26529,0.46427,-0.14019,0.16026,-0.14886
-0.17427,-0.78416,-0.24987,-0.30332,-0.19947,-0.06832,1.18745,0.23139
-0.08892,-0.78416,-0.34246,-0.32470,-0.15299,-0.27687,0.88311,0.20952
-0.00358,-0.78416,-0.42178,-0.47283,0.19121,-0.13460,0.62479,-0.22703
0.08176,-0.78416,-0.48357,-0.51006,0.59889,-0.34959,0.56815,-0.06342
0.16710,-0.78416,-0.53697,-0.47679,0.73599,-0.13518,0.88802,-0.11423
0.25244,-0.78416,-0.64196,-0.30015,0.73465,-0.42690,-0.00074,-0.06154
0.33778,-0.78416,-0.73027,-0.11795,0.32318,-0.65001,-1.19801,-0.71852
0.42312,-0.78416,-0.83800,-0.04745,0.60081,-0.64555,-1.12034,-0.60905
0.50846,-0.78416,-0.92011,-0.12508,1.09912,-0.10656,0.30091,-0.81790
0.59381,-0.78416,-1.03404,0.47219,-0.13444,-0.04332,1.20424,-0.02473
0.67915,-0.78416,-1.09146,-0.51402,-0.03074,-0.60795,0.21686,-0.17614
0.76449,-0.78416,-1.09146,-0.51719,0.58300,-0.19220,-0.90620,-0.74795
0.84983,-0.78416,-1.23009,-0.58056,0.16921,1.76295,-6.40667,3.22137
-1.11302,-0.69988,-1.23009,-0.59324,3.33025,-1.28613,-0.45091,0.18697
-1.02768,-0.69988,-1.09146,-0.47838,2.51081,-0.40330,-1.14967,-0.07241
-0.94234,-0.69988,-0.95284,-0.05379,-0.98930,-0.18786,0.36422,0.47712
-0.85700,-0.69988,-0.81422,-0.12904,-0.83142,-0.28662,1.02538,2.08092
-0.77166,-0.69988,-0.67559,-0.17578,-0.61209,-0.44633,-0.16164,0.60980
-0.68631,-0.69988,-0.53697,-0.20509,-0.64383,-0.51169,-1.16579,0.21430
-0.60097,-0.69988,-0.42178,-0.25658,-0.38337,-0.00991,1.37483,0.73568
-0.51563,-0.69988,-0.30017,-0.25896,0.20025,0.09666,1.85237,1.29012
-0.43029,-0.69988,-0.17436,-0.29223,-0.16200,-0.15510,0.65853,0.63382
-0.34495,-0.69988,-0.04568,-0.28272,-0.26947,-0.42318,-0.12076,-0.83386
-0.25961,-0.69988,-0.05382,-0.28034,-0.00125,-0.12884,0.42453,-0.37977
-0.17427,-0.69988,-0.14740,-0.25737,0.14122,-0.19312,0.54615,-0.38395
-0.08892,-0.69988,-0.23046,-0.16469,0.17355,-0.08478,0.36257,0.26624
-0.00358,-0.69988,-0.30017,-0.43639,0.70662,-0.13092,-0.75218,-1.34124
0.08176,-0.69988,-0.35335,-0.32391,0.76309,-0.39391,0.56362,0.66083
0.16710,-0.69988,-0.44591,-0.42372,0.42974,-0.70933,-0.12957,-0.03110
0.25244,-0.69988,-0.53697,-0.13776,0.20386,-0.84003,-0.64291,-0.52107
0.33778,-0.69988,-0.64196,-0.25420,0.53921,-0.66651,-1.49413,-0.98631
0.42312,-0.69988,-0.73027,-0.14489,0.71002,-0.40689,-0.53094,-0.39298
0.50846,-0.69988,-0.83800,-0.13776,1.11717,-0.07382,0.34093,-0.66351
0.59381,-0.69988,-0.92011,0.05948,-0.01823,-0.06803,1.17614,0.67301
0.67915,-0.69988,-0.95284,-0.31203,-0.17806,-0.33577,-0.11591,-0.59936
0.76449,-0.69988,-1.03404,-0.18212,0.46959,-0.23047,-0.76841,-0.94640
0.84983,-0.69988,-1.09146,-0.53304,1.09309,-0.14656,0.40514,-0.06544
-1.11302,-0.61560,-1.23009,-0.56393,3.26528,-0.53096,0.10622,-0.17356
-1.02768,-0.61560,-1.09146,-0.27559,3.66812,-0.78989,-0.15409,0.48057
-0.94234,-0.61560,-0.95284,0.07374,-0.89492,-0.08780,0.24710,0.13829
-0.85700,-0.61560,-0.81422,-0.19242,-1.07327,-0.56671,-0.08287,0.73665
-0.77166,-0.61560,-0.67559,-0.20271,-0.71912,-0.50787,-0.91238,-0.76372
-0.68631,-0.61560,-0.53697,-0.15835,-0.76070,-0.61325,-0.56760,-1.12061
-0.60097,-0.61560,-0.39834,-0.22172,-0.48847,-0.46527,0.25074,-0.70393
-0.51563,-0.61560,-0.25972,-0.17578,-0.20030,-0.31204,0.52294,0.22385
-0.43029,-0.61560,-0.12109,-0.21776,0.01824,0.00584,0.63439,-0.12389
-0.34495,-0.61560,0.00980,-0.22410,-0.19245,-0.63587,0.05620,0.19773
-0.25961,-0.61560,0.04796,-0.28668,0.33071,-0.02249,0.72997,-0.46285
-0.17427,-0.61560,-0.03760,-0.38174,0.52727,-0.32240,0.07232,-0.66860
-0.08892,-0.61560,-0.11246,-0.42610,0.56901,-0.54078,-1.05614,-1.36157
-0.00358,-0.61560,-0.17436,-0.45303,0.78884,-0.35634,-1.04313,-1.25793
0.08176,-0.61560,-0.24987,-0.43798,0.85408,-0.20583,-0.65640,-1.31998
0.16710,-0.61560,-0.34246,-0.33500,0.90389,-0.48589,-1.01614,-0.82176
0.25244,-0.61560,-0.44591,-0.17499,0.75357,-0.81074,-0.75864,-0.34516
0.33778,-0.61560,-0.53697,-0.11320,0.54697,-0.50401,-0.42188,-0.62373
0.42312,-0.61560,-0.64196,-0.07914,0.08614,-0.58162,-1.30462,-0.33643
0.50846,-0.61560,-0.73027,-0.20588,0.76293,-0.24831,-1.03421,-0.66778
0.59381,-0.61560,-0.79172,-0.22648,1.18168,-0.16224,-0.99567,-1.43564
0.67915,-0.61560,-0.81422,-0.33342,0.46250,-0.28322,0.28014,0.44727
0.76449,-0.61560,-0.95284,-0.06884,0.45719,-0.38724,-0.16231,-1.01577
0.84983,-0.61560,-1.09146,-0.44432,0.18463,-0.42574,-0.96600,-0.83724
0.93517,-0.61560,-1.23009,-0.29777,0.48221,-0.26114,-0.83012,-1.31524
1.02051,-0.61560,-1.23009,-0.59245,1.95968,-0.33445,-0.61368,-0.18179
-1.11302,-0.53132,-1.23009,-0.56393,3.50524,-0.62138,-1.44002,-0.54250
-1.02768,-0.53132,-1.09146,-0.18766,2.32096,-0.47532,-0.14473,-0.13816
-0.94234,-0.53132,-0.95284,-0.08310,-0.93542,-0.20922,0.24946,-0.05547
-0.85700,-0.53132,-0.81422,-0.13063,-0.52992,0.23582,0.46486,0.44912
-0.77166,-0.53132,-0.67559,-0.01102,-0.52242,-0.34622,-0.56528,-0.70869
-0.68631,-0.53132,-0.53697,-0.07835,-0.55222,-0.29228,0.45717,-0.64564
-0.60097,-0.53132,-0.39834,-0.15756,-0.60245,-0.07845,0.60992,0.40339
-0.51563,-0.53132,-0.25972,-0.16469,-0.14130,-0.34721,0.09091,-0.10580
-0.43029,-0.53132,-0.12109,-0.18687,-0.06265,-0.05358,0.40436,-0.67018
-0.34495,-0.53132,0.01753,-0.29143,-0.11474,-0.38389,-0.58142,-0.83337
-0.25961,-0.53132,0.15615,-0.30965,0.29669,-0.43413,-0.33318,-0.49677
-0.17427,-0.53132,0.07769,-0.31282,0.11692,-0.37165,-0.80221,-0.51517
-0.08892,-0.53132,0.00980,-0.42847,0.31952,-0.68528,-0.73662,-0.19825
-0.00358,-0.53132,-0.05382,-0.39362,1.35583,-0.12899,-0.85685,-1.53117
0.08176,-0.53132,-0.14740,-0.43164,1.46427,-0.41575,-0.43126,-0.30907
0.16710,-0.53132,-0.24987,-0.32391,0.85078,-0.51634,-0.28345,-0.37874
0.25244,-0.53132,-0.34246,-0.29777,1.14272,-0.46406,-1.25512,-0.48167
0.33778,-0.53132,-0.44591,-0.26846,0.78449,-0.54616,-0.57012,-0.83509
0.42312,-0.53132,-0.53697,-0.21618,0.84586,-0.40906,-0.97593,-0.68244
0.50846,-0.53132,-0.61014,-0.30015,0.45871,-0.12653,-0.35720,-0.38895
0.59381,-0.53132,-0.65853,-0.43639,1.31997,-0.15955,-0.49293,-0.21967
0.67915,-0.53132,-0.79172,-0.44511,0.98536,-0.18647,0.09412,0.59034
0.76449,-0.53132,-0.92011,-0.11162,0.50288,-0.08647,-0.41851,-0.95525
0.84983,-0.53132,-1.03404,-0.34926,0.18199,-0.44680,-0.80327,-0.89042
0.93517,-0.53132,-1.09146,-0.46333,0.18820,-0.60008,-0.15559,-0.82533
1.02051,-0.53132,-1.09146,-0.55918,1.17500,-0.52277,-1.49821,-1.47677
1.10585,-0.53132,-1.09146,-0.57898,1.03265,-0.25580,-1.17104,-1.23219
1.19120,-0.53132,-1.23009,-0.59086,1.48118,-0.03454,-0.74172,-1.12194
-1.45439,-0.44704,-1.23009,-0.59086,0.85504,0.37516,-0.35581,-0.40310
-1.11302,-0.44704,-1.23009,-0.58294,3.45255,-0.34275,-0.09404,0.07539
-1.02768,-0.44704,-1.09146,-0.45778,2.91477,-0.13779,-1.30433,-1.30802
-0.94234,-0.44704,-0.95284,0.14345,-0.89431,0.09871,0.37196,-0.36828
-0.85700,-0.44704,-0.81422,-0.19083,-0.98021,-0.49366,-0.59611,-1.05225
-0.77166,-0.44704,-0.67559,-0.37619,-0.48882,-0.42762,-0.25530,-0.17185
-0.68631,-0.44704,-0.53697,-0.38332,-0.23907,-0.36848,-0.85301,-0.62788
-0.60097,-0.44704,-0.39834,-0.32074,-0.43693,-0.15153,0.41824,-0.00863
-0.51563,-0.44704,-0.25972,-0.35560,-0.33387,-0.37651,-1.10908,0.20704
-0.43029,-0.44704,-0.12109,-0.37698,-0.16429,-0.38936,1.28922,1.02830
-0.34495,-0.44704,0.01753,-0.35480,-0.21229,-0.16216,0.12983,0.12965
-0.25961,-0.44704,0.15615,-0.35956,-0.10969,-0.27408,0.19338,-0.61046
-0.17427,-0.44704,0.19713,-0.37619,0.57832,-0.54234,-1.09161,-0.47241
-0.08892,-0.44704,0.13520,-0.40946,0.57275,-0.51429,-1.09345,-1.31633
-0.00358,-0.44704,0.04796,-0.39283,1.59604,-0.24267,-0.63782,-0.92782
0.08176,-0.44704,-0.05382,-0.39916,1.12056,-0.26904,0.14258,0.21858
0.16710,-0.44704,-0.14740,-0.29539,1.13803,-0.60933,-0.72295,-0.44760
0.25244,-0.44704,-0.24987,-0.27005,0.87759,-0.42884,-0.03808,-0.31045
0.33778,-0.44704,-0.34246,-0.34134,0.72981,-0.51850,-0.94923,-0.42843
0.42312,-0.44704,-0.42178,-0.31599,0.92404,-0.50841,-1.48453,-1.13759
0.50846,-0.44704,-0.48357,-0.21380,0.70633,-0.41647,-0.19861,0.06140
0.59381,-0.44704,-0.61014,-0.36589,0.86179,0.00558,0.91813,0.62767
0.67915,-0.44704,-0.73027,-0.46174,1.49451,0.27836,0.56692,-0.29744
0.76449,-0.44704,-0.83800,-0.49026,1.28630,0.06401,-0.26642,-0.69854
0.84983,-0.44704,-0.92011,-0.52115,0.45029,-0.20974,-0.36546,-1.00687
0.93517,-0.44704,-0.95284,-0.44194,0.63759,-0.35329,0.05112,-0.81658
1.02051,-0.44704,-0.95284,-0.55522,0.62659,-0.46644,-1.37340,-1.38114
1.10585,-0.44704,-1.03404,-0.56155,1.16447,-0.16256,-1.06277,-1.25730
1.19120,-0.44704,-1.09146,-0.58849,1.49090,0.01481,-0.02992,-0.41065
1.27654,-0.44704,-1.23009,-0.58769,1.09144,-0.33226,-0.82783,-0.77079
-1.62507,-0.36276,-1.23009,-0.58849,1.21126,0.41364,-0.71274,-0.98605
-1.53973,-0.36276,-1.09146,-0.48075,1.07562,0.17795,-0.28657,-0.34321
-1.45439,-0.36276,-1.09146,-0.37302,-0.01331,0.54969,1.42407,1.09107
-1.36904,-0.36276,-1.09146,-0.46016,-0.57580,0.03411,1.20445,0.61458
-1.28370,-0.36276,-1.23009,-0.56789,-0.22760,0.30039,1.05253,0.14881
-1.11302,-0.36276,-1.23009,-0.57343,1.75258,-0.56203,-0.59294,0.30278
-1.02768,-0.36276,-1.09146,-0.54254,1.98627,0.05282,0.32644,0.08104
-0.94234,-0.36276,-0.95284,-0.43639,-0.70025,-0.07167,0.55052,-0.03338
-0.85700,-0.36276,-0.81422,-0.40550,-0.53572,-0.12361,-0.10826,-0.60189
-0.77166,-0.36276,-0.67559,-0.46412,-0.34231,-0.11417,0.56283,-0.47263
-0.68631,-0.36276,-0.53697,-0.40233,-0.26369,-0.13951,0.66451,-0.08378
-0.60097,-0.36276,-0.39834,-0.39124,-0.21757,-0.28342,0.42265,-0.21282
-0.51563,-0.36276,-0.25972,-0.27559,-0.34705,-0.57902,-0.37915,-0.08775
-0.43029,-0.36276,-0.12109,-0.06013,-0.30047,-0.25524,-0.06887,-0.83999
-0.34495,-0.36276,0.01753,-0.30173,-0.15133,-0.16442,0.05223,0.24174
-0.25961,-0.36276,0.15615,-0.32312,-0.41363,-0.36883,0.22722,-0.08173
-0.17427,-0.36276,0.29478,-0.20271,0.07447,-0.85714,-0.63177,-0.34307
-0.08892,-0.36276,0.24351,-0.33817,0.45118,-0.50688,0.11675,-0.30857
-0.00358,-0.36276,0.14222,-0.36986,1.10868,-0.42519,-0.10547,0.15198
0.08176,-0.36276,0.04796,-0.26292,1.19275,-0.45506,-0.71284,-0.69795
0.16710,-0.36276,-0.05382,-0.33817,0.73303,-0.65346,-0.73261,-0.90949
0.25244,-0.36276,-0.14740,-0.32866,0.73416,-0.47411,-0.12254,-0.70306
0.33778,-0.36276,-0.23046,-0.36431,1.31690,-0.58179,-0.46441,-0.38146
0.42312,-0.36276,-0.30017,-0.38253,0.70546,-0.15607,-0.12269,-0.88121
0.50846,-0.36276,-0.42178,-0.36352,0.47271,-0.55001,-1.69886,-0.87353
0.59381,-0.36276,-0.53697,-0.40312,0.76626,-0.46473,-0.49326,-0.56634
0.67915,-0.36276,-0.64196,-0.43085,1.65248,-0.17793,0.18217,-0.27890
0.76449,-0.36276,-0.73027,-0.42214,1.73175,0.01526,-0.27313,-1.46976
0.84983,-0.36276,-0.79172,-0.41184,0.60488,-0.28353,-0.91144,-1.53619
0.93517,-0.36276,-0.81422,-0.49422,0.61292,0.10846,0.35448,0.08731
1.02051,-0.36276,-0.81422,-0.42610,0.07845,-0.15547,-0.70520,-0.88651
1.10585,-0.36276,-0.95284,-0.46254,0.67695,-0.22506,0.63891,0.52583
1.19120,-0.36276,-1.09146,-0.57185,1.46728,-0.20304,1.28134,1.05011
-1.71041,-0.27848,-1.23009,-0.58849,0.75765,1.00913,0.90599,0.51087
-1.62507,-0.27848,-1.09146,-0.52432,0.64485,0.48074,0.33757,0.72569
-1.53973,-0.27848,-1.09146,-0.53066,0.60734,0.25689,0.43085,0.69118
-1.45439,-0.27848,-1.03404,-0.47838,-0.09586,-0.06062,0.40615,0.16390
-1.36904,-0.27848,-1.09146,-0.51165,-0.23308,0.09396,0.42900,0.04651
-1.28370,-0.27848,-1.23009,-0.57423,0.31803,0.42584,0.82631,-0.16972
-1.11302,-0.27848,-1.23009,-0.57819,1.06666,0.49591,0.57888,0.22767
-1.02768,-0.27848,-1.09146,-0.46570,0.96924,-0.14814,0.83702,-0.09993
-0.94234,-0.27848,-0.95284,-0.07835,0.08161,-0.07371,-0.09133,-0.78457
-0.85700,-0.27848,-0.81422,-0.33659,-0.17753,0.22566,-0.41730,-0.76013
-0.77166,-0.27848,-0.67559,-0.28272,-0.22466,0.09207,0.21749,0.13372
-0.68631,-0.27848,-0.53697,-0.34055,0.19921,0.37804,0.87903,-0.05971
-0.60097,-0.27848,-0.39834,-0.32074,0.19788,-0.05543,-0.29433,-1.08987
-0.51563,-0.27848,-0.25972,-0.36193,0.46301,-0.12442,-0.42499,-1.44915
-0.43029,-0.27848,-0.12109,-0.24866,0.86598,-0.36508,-0.53433,-0.75717
-0.34495,-0.27848,0.01753,-0.16548,0.48467,-0.00646,0.46889,-0.40374
-0.25961,-0.27848,0.15615,-0.05696,0.39584,-0.05567,0.51633,0.13508
-0.17427,-0.27848,0.29478,-0.09261,-0.18720,-0.52889,-0.16686,0.15737
-0.08892,-0.27848,0.33827,-0.22331,-0.18591,-0.53148,-0.47701,-0.51987
-0.00358,-0.27848,0.24351,-0.27559,0.59004,-0.71992,-0.24551,0.13507
0.08176,-0.27848,0.14222,-0.33659,1.46214,-0.59672,-1.17849,-1.38371
0.16710,-0.27848,0.04796,-0.20271,0.48075,-0.52704,-0.69282,-0.21382
0.25244,-0.27848,-0.03760,-0.23519,-0.43812,-0.73063,-0.61175,-0.25867
0.33778,-0.27848,-0.11246,-0.36510,0.02968,-0.63394,-0.12623,-0.67039
0.42312,-0.27848,-0.23046,-0.39045,0.23137,-0.24392,-1.05697,-1.19496
0.50846,-0.27848,-0.34246,-0.40867,0.19782,-0.57527,-0.38496,-0.81917
0.59381,-0.27848,-0.44591,-0.42768,0.72586,-0.48815,-0.24821,-0.60595
0.67915,-0.27848,-0.53697,-0.43798,0.98628,-0.44375,-1.75305,-1.17715
0.76449,-0.27848,-0.61014,-0.42927,1.20143,-0.41173,-0.88724,-0.72144
0.84983,-0.27848,-0.65853,-0.38491,0.97705,-0.33247,-0.33415,-0.21516
0.93517,-0.27848,-0.67559,-0.47838,0.68024,0.02644,0.50346,-0.18515
1.02051,-0.27848,-0.79172,-0.10845,0.33209,-0.07284,0.63007,0.11591
1.10585,-0.27848,-0.92011,-0.29539,0.80064,0.13048,-0.50063,-1.33231
1.19120,-0.27848,-1.03404,-0.37540,0.89586,-0.47816,0.05391,-0.00939
1.27654,-0.27848,-1.09146,-0.56868,1.25847,-0.04473,-0.35697,-0.35451
1.36188,-0.27848,-1.23009,-0.58849,1.71124,0.18758,0.07486,-0.69527
1.61790,-0.27848,-1.23009,-0.58849,0.95555,0.28872,-0.31766,1.71675
-1.79575,-0.19420,-1.23009,-0.58928,0.68042,1.03703,-0.42646,-0.68660
-1.71041,-0.19420,-1.23009,-0.57264,0.73362,0.84453,-0.03312,-0.29176
-1.62507,-0.19420,-1.23009,-0.54888,0.69898,0.73569,-0.17680,-0.00662
-1.53973,-0.19420,-1.23009,-0.51006,0.44956,0.90384,0.65943,-0.23736
-1.45439,-0.19420,-1.09146,-0.44590,-0.15379,0.41509,-0.23588,-0.47416
-1.36904,-0.19420,-1.09146,-0.48551,-0.03041,0.17690,0.97964,0.95514
-1.28370,-0.19420,-1.23009,-0.58690,0.54662,0.54029,0.98213,0.38361
-1.19836,-0.19420,-1.23009,-0.58928,0.45412,0.31978,0.67832,-0.02775
-1.11302,-0.19420,-1.23009,-0.56789,0.90107,0.13686,0.28181,0.11058
-1.02768,-0.19420,-1.09146,-0.54729,1.22704,0.20375,-0.02511,-1.28615
-0.94234,-0.19420,-0.95284,-0.44194,1.17876,-0.18251,-1.26516,-1.45906
-0.85700,-0.19420,-0.81422,-0.40867,-0.04102,0.35017,0.50648,-0.09840
-0.77166,-0.19420,-0.67559,-0.40946,0.45264,-0.30377,-1.03418,0.21199
-0.68631,-0.19420,-0.53697,-0.43402,0.57044,-0.27099,-0.64010,-0.29187
-0.60097,-0.19420,-0.39834,-0.44511,0.79105,-0.04609,-0.85401,-1.00388
-0.51563,-0.19420,-0.25972,-0.42530,0.80200,-0.06739,-0.82256,-1.40735
-0.43029,-0.19420,-0.12109,-0.35797,1.35150,-0.20919,-0.07936,-0.19125
-0.34495,-0.19420,0.01753,-0.28351,0.80492,-0.05866,0.29647,-0.83933
-0.25961,-0.19420,0.15615,-0.28351,1.51320,0.14050,1.07633,-0.38298
-0.17427,-0.19420,0.29478,0.19177,2.21474,-0.06374,-0.69544,-0.96263
-0.08892,-0.19420,0.43340,-0.01339,0.58745,0.22814,1.74248,1.90163
-0.00358,-0.19420,0.33827,-0.13063,0.40267,-0.45215,-0.28371,0.00803
0.08176,-0.19420,0.24351,-0.29064,0.56014,-0.69732,-1.14300,-0.15682
0.16710,-0.19420,0.15615,-0.17261,0.57716,-0.50685,0.53774,-0.22770
0.25244,-0.19420,0.07769,0.07454,-0.54946,-0.75561,0.26576,0.67301
0.33778,-0.19420,-0.03760,-0.33104,-0.39958,-1.00149,-0.84203,-1.03354
0.42312,-0.19420,-0.14740,-0.35243,0.21522,-0.99783,-1.36225,-0.31145
0.50846,-0.19420,-0.24987,-0.37144,0.77246,-0.37222,2.00024,2.23066
0.59381,-0.19420,-0.34246,-0.38332,0.33351,-0.84860,0.02198,-0.00322
0.67915,-0.19420,-0.42178,-0.35877,0.01643,-0.78945,-0.77515,-0.85713
0.76449,-0.19420,-0.48357,-0.30886,0.07153,-0.31437,-0.20344,-0.48042
0.84983,-0.19420,-0.52324,-0.37778,0.78716,-0.53393,-0.07245,-0.54174
0.93517,-0.19420,-0.61014,-0.41976,0.58951,-0.25069,0.36228,0.15084
1.02051,-0.19420,-0.73027,-0.27797,0.16366,-0.27727,0.49635,0.23224
1.10585,-0.19420,-0.83800,-0.28589,0.17973,-0.35116,0.36310,-0.38179
1.19120,-0.19420,-0.92011,-0.47679,0.62042,-0.34654,0.28957,0.12755
1.27654,-0.19420,-1.03404,-0.56076,0.86688,-0.10783,1.01005,0.40369
1.36188,-0.19420,-1.09146,-0.57898,0.78601,-0.42159,0.36788,-0.24651
1.44722,-0.19420,-1.23009,-0.58928,0.86077,-0.46379,0.26658,-0.20149
1.53256,-0.19420,-1.23009,-0.59007,0.62150,-0.24617,0.19833,-0.21439
1.61790,-0.19420,-1.23009,-0.59165,0.42627,0.09984,0.60917,-0.23690
-1.53973,-0.10992,-1.23009,-0.57819,0.26942,0.43104,-1.03404,-1.21631
-1.45439,-0.10992,-1.09146,-0.53304,0.19398,0.33431,-0.17220,-0.84910
-1.36904,-0.10992,-1.03404,-0.51640,-0.11006,0.37602,1.48229,0.91362
-1.28370,-0.10992,-1.09146,-0.58769,-0.05930,0.25214,0.37447,0.20021
-1.19836,-0.10992,-1.09146,-0.57502,0.87486,0.51128,1.23864,0.75433
-1.11302,-0.10992,-1.09146,-0.56076,0.82725,0.35849,0.00239,-0.69489
-1.02768,-0.10992,-1.03404,-0.51402,1.63107,0.08157,-0.57917,-0.84288
-0.94234,-0.10992,-0.92011,-0.39996,0.07498,0.01269,0.25653,-0.80690
-0.85700,-0.10992,-0.79172,-0.33817,0.64339,-0.19737,-0.83347,-0.64455
-0.77166,-0.10992,-0.65853,-0.21064,0.29889,-0.15848,-0.83929,-1.71448
-0.68631,-0.10992,-0.52324,-0.18608,0.54802,0.10413,-0.46098,-0.61302
-0.60097,-0.10992,-0.38687,-0.16786,0.42371,-0.16888,-0.61681,-0.77439
-0.51563,-0.10992,-0.24987,-0.12033,0.62042,-0.36658,-0.61382,-0.89826
-0.43029,-0.10992,-0.11246,-0.31916,0.95232,-0.41152,-1.01771,-0.98146
-0.34495,-0.10992,0.02521,-0.24232,1.72307,-0.52888,0.41034,0.33280
-0.25961,-0.10992,0.16307,-0.34134,1.58585,-0.31210,-0.41546,-0.32728
-0.17427,-0.10992,0.30107,-0.31282,1.22994,-0.24175,-0.52074,-0.25379
-0.08892,-0.10992,0.43917,-0.14568,0.74934,-0.54785,-1.93885,-1.37591
-0.00358,-0.10992,0.43917,-0.23440,0.41558,-0.70126,-0.76393,-1.03830
0.08176,-0.10992,0.35047,-0.23915,0.65122,-0.49403,-0.37616,0.51142
0.16710,-0.10992,0.26936,-0.21856,0.27057,-0.89004,-0.70543,-0.38596
0.25244,-0.10992,0.15615,0.01354,0.16534,-0.74330,-0.49286,0.61825
0.33778,-0.10992,0.04796,0.00562,0.11768,-0.58582,-0.48036,-0.02992
0.42312,-0.10992,-0.05382,-0.11558,0.00793,-0.80154,-1.41832,-1.40152
0.50846,-0.10992,-0.14740,-0.18529,0.26762,-0.57995,1.07140,0.52885
0.59381,-0.10992,-0.23046,-0.09102,0.12545,-0.63513,-0.02947,-0.01166
0.67915,-0.10992,-0.30017,-0.13617,-0.03791,-0.96255,-0.56383,-0.25745
0.76449,-0.10992,-0.35335,-0.16944,0.12408,-0.58302,0.01269,-0.70274
0.84983,-0.10992,-0.42178,-0.11083,-0.02405,-0.27806,1.37420,0.85174
0.93517,-0.10992,-0.53697,-0.21776,-0.17742,-0.37626,-0.22407,-0.21143
1.02051,-0.10992,-0.64196,-0.26846,0.07724,-0.00457,0.96724,-0.17669
1.10585,-0.10992,-0.73027,-0.46570,0.35877,-0.20340,-0.37236,-0.37034
1.19120,-0.10992,-0.83800,-0.42530,0.00412,-0.35696,0.12564,0.19974
1.27654,-0.10992,-0.92011,-0.53541,0.17301,-0.15841,-0.23545,-0.74196
1.36188,-0.10992,-1.03404,-0.56710,0.71920,-0.10248,1.01943,0.16978
1.44722,-0.10992,-1.09146,-0.58215,0.84478,-0.22254,0.25567,0.60239
1.53256,-0.10992,-1.09146,-0.58611,0.06059,0.00498,0.34092,-0.01662
2.21529,-0.10992,-1.23009,-0.53383,1.01682,2.99991,-0.64037,-1.54228
-1.79575,-0.02564,-1.23009,-0.53304,0.29967,1.40144,-0.11618,-0.67544
-1.71041,-0.02564,-1.09146,-0.48472,-0.20331,1.07915,0.02180,-0.79626
-1.62507,-0.02564,-1.23009,-0.52274,-0.10170,0.91560,0.23242,-0.54844
-1.53973,-0.02564,-1.23009,-0.57819,-0.48128,0.58960,0.37900,0.31285
-1.45439,-0.02564,-1.23009,-0.59165,-0.13030,0.58138,0.73362,-0.09355
-1.36904,-0.02564,-1.09146,-0.59086,-0.19171,0.67642,1.01382,0.33636
-1.28370,-0.02564,-0.95284,-0.57106,0.18356,0.63616,1.27144,0.77683
-1.19836,-0.02564,-0.95284,-0.53937,0.60804,0.10403,0.38842,-0.12181
-1.11302,-0.02564,-0.95284,-0.51561,0.37841,-0.19703,-0.26367,-0.44653
-1.02768,-0.02564,-0.92011,-0.49026,0.57475,-0.19320,-1.28941,-0.64173
-0.94234,-0.02564,-0.83800,-0.44432,1.13889,0.03586,-0.13007,-0.34301
-0.85700,-0.02564,-0.73027,-0.29381,1.19273,0.13157,-0.17840,-0.90739
-0.77166,-0.02564,-0.61014,-0.25341,0.93557,0.18434,-0.83352,-1.10937
-0.68631,-0.02564,-0.48357,-0.20984,0.53907,-0.12258,-0.51172,-0.79299
-0.60097,-0.02564,-0.35335,-0.19955,0.65014,-0.08923,-0.84952,-0.82750
-0.51563,-0.02564,-0.22089,-0.22331,0.65733,-0.47191,-0.64760,-0.58932
-0.43029,-0.02564,-0.08696,-0.21618,1.16042,-0.07994,-0.90308,-1.29429
-0.34495,-0.02564,0.04796,-0.22093,1.06960,-0.45819,-0.61399,-0.48321
-0.25961,-0.02564,0.18361,-0.27955,0.74359,-0.39003,-0.01774,-0.43906
-0.17427,-0.02564,0.31978,-0.30807,0.50503,-0.53438,0.74411,0.46924
-0.08892,-0.02564,0.45635,-0.26292,0.41398,-0.83244,-0.73795,-1.06545
-0.00358,-0.02564,0.54517,-0.30807,0.88745,-0.53501,0.27086,-0.57252
0.08176,-0.02564,0.46204,-0.28430,0.74994,-0.43785,0.73391,0.51965
0.16710,-0.02564,0.35047,-0.12984,1.13215,-0.39502,-0.47516,-0.46027
0.25244,-0.02564,0.24351,-0.10132,0.21021,-0.57625,0.04092,0.47110
0.33778,-0.02564,0.14222,-0.21935,-0.11077,-0.54608,0.86849,0.23045
0.42312,-0.02564,0.04796,-0.15677,-0.03326,-0.71121,0.14528,0.60557
0.50846,-0.02564,-0.03760,-0.14093,0.53529,-0.59835,0.77194,0.17934
0.59381,-0.02564,-0.11246,-0.14647,1.01255,-0.58901,0.09821,0.46181
0.67915,-0.02564,-0.17436,0.09988,-0.10334,-0.72123,-0.17861,-0.74149
0.76449,-0.02564,-0.23046,0.11256,-0.12081,-0.46474,-0.65316,-1.24601
0.84983,-0.02564,-0.34246,-0.06488,-0.13969,-0.55906,-0.09331,-0.47537
0.93517,-0.02564,-0.44591,-0.06092,-0.00509,-0.63868,-0.70239,-1.07409
1.02051,-0.02564,-0.53697,-0.17816,-0.42741,-0.46200,-0.85140,-0.58722
1.10585,-0.02564,-0.64196,-0.26688,0.25272,-0.60455,-1.36987,-1.45343
1.19120,-0.02564,-0.73027,-0.43085,0.06042,-0.04906,0.86911,-0.65534
1.27654,-0.02564,-0.83800,-0.50293,-0.00919,-0.21304,0.30194,-0.14761
1.36188,-0.02564,-0.92011,-0.55205,0.98035,-0.19908,0.82407,0.00475
1.44722,-0.02564,-0.95284,-0.57106,0.06703,-0.49466,0.77068,0.66695
1.53256,-0.02564,-0.95284,-0.58294,-0.10531,-0.18759,0.66440,-0.35539
2.04461,-0.02564,-0.48357,-0.57581,1.70005,-0.63304,0.11019,-0.31278
2.21529,-0.02564,-0.22089,-0.31441,0.84861,-0.31984,0.72067,0.64320
2.30063,-0.02564,-0.08696,-0.06409,1.01518,-0.53680,-1.05826,0.56632
-1.88109,0.05864,-1.23009,-0.59165,0.50122,1.96552,0.60015,-0.12461
-1.79575,0.05864,-1.23009,-0.59245,0.06165,1.72896,1.05721,0.19099
-1.71041,0.05864,-1.09146,-0.59007,-0.17766,1.36926,0.07470,-0.59001
-1.62507,0.05864,-1.09146,-0.59720,-0.35846,0.71408,0.27061,-0.11437
-1.53973,0.05864,-1.09146,-0.57106,-0.00332,0.70662,0.13179,-0.29614
-1.45439,0.05864,-1.09146,-0.59245,-0.00027,0.55587,-0.22277,-0.17456
-1.36904,0.05864,-1.03404,-0.58056,0.20820,1.00437,0.73082,0.03241
-1.28370,0.05864,-0.92011,-0.54809,0.39052,1.12399,1.12290,0.07344
-1.19836,0.05864,-0.81422,-0.49660,0.24781,0.41675,0.17247,-0.65065
-1.11302,0.05864,-0.81422,-0.45382,0.94069,0.26125,-0.21855,-0.72271
-1.02768,0.05864,-0.79172,-0.32708,0.16112,0.13748,-0.26836,-0.89021
-0.94234,0.05864,-0.73027,-0.40392,0.77082,0.61746,0.79632,0.26878
-0.85700,0.05864,-0.64196,-0.37698,1.19668,0.20348,-0.95499,-1.64134
-0.77166,0.05864,-0.53697,-0.17657,0.50520,-0.00529,-0.11200,-0.33166
-0.68631,0.05864,-0.42178,-0.24074,0.33286,0.20865,0.23743,-1.10931
-0.60097,0.05864,-0.30017,-0.20271,0.59869,-0.04942,-0.83738,-1.09230
-0.51563,0.05864,-0.17436,-0.25341,0.14540,-0.35871,-0.99797,-1.38581
-0.43029,0.05864,-0.04568,-0.23836,1.25326,-0.30586,-0.72911,-1.05788
-0.34495,0.05864,0.08502,-0.22806,0.31539,-0.44324,0.51136,0.31927
-0.25961,0.05864,0.21719,-0.25579,0.61500,-0.23214,-0.15741,-0.43948
-0.17427,0.05864,0.35047,-0.18529,1.18106,-0.34319,0.44393,0.55347
-0.08892,0.05864,0.48460,-0.20984,0.51269,-0.58438,-0.63741,-0.12777
-0.00358,0.05864,0.61939,-0.30094,0.55564,-0.43597,-0.38937,-0.68694
0.08176,0.05864,0.54517,-0.24311,0.06343,-0.45472,-0.36401,-0.35327
0.16710,0.05864,0.43917,-0.25579,0.22297,-0.29578,0.47749,0.28447
0.25244,0.05864,0.33827,-0.22331,0.04526,-0.28272,0.24531,-0.64300
0.33778,0.05864,0.24351,-0.22410,0.54288,-0.73357,-1.26510,-0.37566
0.42312,0.05864,0.15615,-0.15915,0.08946,-0.30191,0.39837,-0.02885
0.50846,0.05864,0.07769,0.02938,-0.21591,-0.42442,0.17433,-0.55790
0.59381,0.05864,0.00980,-0.26450,-0.33013,-0.47675,0.10939,-0.19340
0.67915,0.05864,-0.04568,-0.21301,0.38069,-0.30525,0.66640,0.13321
0.76449,0.05864,-0.14740,-0.34609,0.63464,-0.07597,0.30642,-0.37312
0.84983,0.05864,-0.24987,-0.28747,0.03718,-0.60731,-0.17831,-1.02712
0.93517,0.05864,-0.34246,-0.20509,-0.19481,-0.72584,-0.28782,0.12078
1.02051,0.05864,-0.44591,-0.30490,-0.04299,-0.14806,0.56891,0.44564
1.10585,0.05864,-0.53697,-0.41738,-0.07630,-0.30901,-0.02859,-0.36391
1.19120,0.05864,-0.64196,-0.44115,0.13707,-0.35401,0.02080,-0.54178
1.27654,0.05864,-0.73027,-0.49897,0.01306,-0.26887,0.09202,-0.30867
1.36188,0.05864,-0.79172,-0.54650,0.37170,-0.19917,0.48610,0.38989
1.44722,0.05864,-0.81422,-0.57027,0.10312,-0.17184,-0.67882,-0.71975
1.53256,0.05864,-0.81422,-0.58136,-0.17705,-0.48571,0.03612,-0.41866
2.04461,0.05864,-0.42178,-0.52511,0.98747,-0.70129,0.63243,0.61039
2.12995,0.05864,-0.30017,-0.44115,0.53630,-0.42555,0.35203,-0.52044
2.21529,0.05864,-0.17436,0.02780,0.28406,-0.74860,0.24461,-0.20210
2.30063,0.05864,-0.04568,0.05315,0.47065,-0.81915,0.18620,0.00943
-1.71041,0.14292,-1.23009,-0.59086,-0.28330,1.46852,0.44037,-0.12835
-1.53973,0.14292,-0.95284,-0.58928,-0.32602,0.57796,-0.00686,-0.11962
-1.45439,0.14292,-0.95284,-0.58928,-0.09097,0.91486,0.99596,-0.11725
-1.36904,0.14292,-0.92011,-0.57106,0.46935,1.16597,1.06947,-0.21602
-1.28370,0.14292,-0.83800,-0.49818,0.71186,0.81430,0.13818,-0.63335
-1.19836,0.14292,-0.73027,-0.40629,0.94706,0.50031,-0.32557,-0.92323
-1.11302,0.14292,-0.67559,-0.39996,0.44395,0.44333,0.52205,-0.69187
-1.02768,0.14292,-0.65853,-0.05696,-0.25985,0.05208,0.70448,0.13170
-0.94234,0.14292,-0.61014,-0.36669,-0.31210,-0.12160,-0.35442,-0.79789
-0.85700,0.14292,-0.53697,-0.22885,0.04486,-0.10219,-1.44701,-1.01354
-0.77166,0.14292,-0.44591,-0.22252,-0.12167,-0.23772,-1.23558,-1.68851
-0.68631,0.14292,-0.34246,-0.24311,0.60715,-0.00702,-0.29789,-0.70785
-0.60097,0.14292,-0.23046,-0.29143,0.85040,-0.20408,-0.40227,-0.86146
-0.51563,0.14292,-0.11246,-0.29777,0.60846,-0.17907,-0.27580,-0.72522
-0.43029,0.14292,0.00980,-0.22806,0.42512,-0.15772,-0.30645,-0.93209
-0.34495,0.14292,0.13520,-0.19955,0.22921,-0.59679,0.22516,-0.67390
-0.25961,0.14292,0.26294,-0.27321,0.12286,-0.50248,0.36840,-0.24684
-0.17427,0.14292,0.39247,-0.24390,0.43508,-0.41614,-0.64503,-0.70089
-0.08892,0.14292,0.52338,-0.23915,0.72593,-0.26418,-0.05640,-0.22853
-0.00358,0.14292,0.65540,-0.23281,0.75252,-0.19075,0.10852,-0.32343
0.08176,0.14292,0.63491,-0.33421,0.51210,0.29725,0.30928,-0.69262
0.16710,0.14292,0.53431,-0.20113,0.61218,-0.14654,1.03389,0.40996
0.25244,0.14292,0.43917,-0.30965,0.15914,-0.66950,-0.65365,-0.44783
0.33778,0.14292,0.35047,-0.35718,0.86743,-0.23751,-0.21863,-0.59665
0.42312,0.14292,0.26936,-0.34213,0.77587,-0.22552,0.15831,-0.79732
0.50846,0.14292,0.19713,-0.26529,-0.12009,-0.27168,0.07641,-0.82415
0.59381,0.14292,0.13520,-0.37302,0.01614,-0.86943,-0.33046,0.35011
0.67915,0.14292,0.04796,-0.38253,-0.14622,-0.46297,-0.41420,-0.51047
0.76449,0.14292,-0.05382,-0.36193,0.08713,-0.40556,0.31714,-0.25297
0.84983,0.14292,-0.14740,-0.36589,0.51564,0.20644,1.08194,0.51254
0.93517,0.14292,-0.24987,-0.25499,0.25684,-0.45850,-0.01956,-0.63676
1.02051,0.14292,-0.34246,-0.27084,-0.21488,-0.33027,0.83452,-0.19026
1.10585,0.14292,-0.44591,-0.33421,0.25218,-0.08350,0.49612,0.72396
1.19120,0.14292,-0.53697,-0.35718,0.77672,-0.16087,0.63249,0.28161
1.27654,0.14292,-0.61014,-0.41025,0.73225,-0.20066,0.35798,0.29323
1.36188,0.14292,-0.65853,-0.48709,0.51828,0.01735,0.69531,0.21356
1.44722,0.14292,-0.67559,-0.56947,0.27207,-0.24632,-0.62668,-0.66984
1.53256,0.14292,-0.67559,-0.57660,-0.16442,-0.12429,-0.53705,-0.70113
2.12995,0.14292,-0.23046,-0.56551,0.66605,-0.57224,-0.03845,-0.70156
2.21529,0.14292,-0.11246,-0.55205,0.48609,-0.81893,-0.12105,0.27029
2.30063,0.14292,0.00980,-0.35797,0.31078,-0.71120,0.03105,0.29441
2.38597,0.14292,0.13520,0.04127,-0.35212,-0.65473,0.93358,0.05575
2.47132,0.14292,0.26294,0.65597,-0.33256,-0.46177,0.74876,0.19402
-1.36904,0.22720,-0.79172,-0.57740,-0.12328,1.13280,0.67241,-0.25807
-1.28370,0.22720,-0.73027,-0.49105,-0.24760,0.92804,0.34743,-0.20314
-1.19836,0.22720,-0.64196,-0.35243,0.58920,0.71292,1.04743,-0.05772
-1.11302,0.22720,-0.53697,-0.31282,0.55834,0.89877,1.70127,0.68400
-1.02768,0.22720,-0.52324,0.07454,-0.47321,0.13613,-0.69128,-0.60290
-0.94234,0.22720,-0.48357,-0.20747,-0.76573,-0.27142,-0.17387,0.07517
-0.85700,0.22720,-0.42178,-0.25896,-0.14147,-0.39068,-0.97331,-0.97671
-0.77166,0.22720,-0.34246,-0.20271,0.08423,-0.17259,0.14506,-0.49363
-0.68631,0.22720,-0.24987,-0.31678,0.18434,-0.45144,0.01248,0.21179
-0.60097,0.22720,-0.14740,-0.33579,0.48496,-0.00695,0.20056,-0.22300
-0.51563,0.22720,-0.03760,-0.36273,0.75806,-0.20672,-0.89894,-0.87981
-0.43029,0.22720,0.07769,-0.29460,0.67696,0.10461,0.71171,0.55406
-0.34495,0.22720,0.19713,-0.20984,0.15467,-0.32215,0.05322,0.01683
-0.25961,0.22720,0.31978,-0.28906,0.32525,-0.04112,0.26226,0.01346
-0.17427,0.22720,0.44491,-0.31441,0.23562,-0.04232,-0.55893,-0.91879
-0.08892,0.22720,0.57203,-0.33817,-0.01264,-0.66496,-1.57570,-0.02958
-0.00358,0.22720,0.70072,-0.33025,0.28790,-0.47656,-2.11784,-1.27759
0.08176,0.22720,0.73035,-0.42610,1.28668,0.13384,0.03125,-0.63080
0.16710,0.22720,0.63491,-0.24628,0.19529,-0.09106,1.11413,0.32784
0.25244,0.22720,0.54517,-0.35084,0.10077,-0.50116,-0.12502,-0.22562
0.33778,0.22720,0.46204,-0.34688,0.06416,-0.34000,0.85932,0.37752
0.42312,0.22720,0.38653,-0.31678,-0.07335,-0.39550,0.81938,0.77661
0.50846,0.22720,0.31978,-0.38887,0.21059,-0.48673,-0.10954,0.09700
0.59381,0.22720,0.24351,-0.35560,0.25637,-0.23250,-0.10520,-0.28837
0.67915,0.22720,0.14222,-0.29381,-0.04457,-0.25915,-0.05395,-0.72334
0.76449,0.22720,0.04796,-0.24470,0.30012,-0.29555,0.48104,-0.25127
0.84983,0.22720,-0.05382,-0.50452,0.21691,-0.35019,0.41002,0.30388
0.93517,0.22720,-0.14740,-0.49897,-0.17157,-0.74234,-0.64552,-0.08467
1.02051,0.22720,-0.24987,-0.50056,0.30658,-0.13133,1.19788,1.19557
1.10585,0.22720,-0.34246,-0.41025,0.33794,-0.26278,0.77178,0.45639
1.19120,0.22720,-0.42178,-0.41659,0.24915,-0.54383,-0.98817,-0.41819
1.27654,0.22720,-0.48357,-0.48947,-0.00984,0.04527,1.35466,1.01673
1.36188,0.22720,-0.52324,-0.42372,0.17081,-0.54823,-0.01369,-0.15945
1.44722,0.22720,-0.53697,-0.57502,0.40260,-0.90057,0.81237,1.02963
2.21529,0.22720,-0.03760,-0.57106,1.12812,-0.95775,-0.41877,-0.42101
2.30063,0.22720,0.07769,-0.57106,0.30115,-0.67718,0.27271,0.13844
2.38597,0.22720,0.19713,0.00007,-0.31187,-0.84746,0.45618,-0.14434
2.47132,0.22720,0.31978,0.03414,-0.58393,-0.81019,0.77065,0.51643
2.55666,0.22720,0.44491,0.23296,-0.67199,-0.01411,-0.72032,2.08995
-1.45439,0.31148,-0.67559,-0.46016,-0.90529,1.54554,0.40877,1.63377
-1.36904,0.31148,-0.65853,-0.54888,-0.77018,0.61619,-0.04205,-0.42423
-1.28370,0.31148,-0.61014,-0.53462,-0.71853,0.57052,-0.18796,-0.42400
-1.19836,0.31148,-0.53697,-0.48392,-0.30656,0.71525,0.39447,-0.43807
-1.11302,0.31148,-0.44591,-0.40788,-0.06603,0.54435,0.94324,-0.42738
-1.02768,0.31148,-0.38687,-0.31599,0.58619,0.48223,0.60814,0.10209
-0.94234,0.31148,-0.35335,-0.15360,-0.56461,-0.19055,0.30869,0.31100
-0.85700,0.31148,-0.30017,-0.24153,-0.26987,0.04293,0.69017,0.39020
-0.77166,0.31148,-0.23046,-0.30965,0.22400,0.53114,0.51807,-0.36055
-0.68631,0.31148,-0.14740,-0.33738,-0.19061,-0.08200,-0.14784,-0.03092
-0.60097,0.31148,-0.05382,-0.41184,0.38408,0.12406,0.32362,-0.11141
-0.51563,0.31148,0.04796,-0.40154,0.13243,0.07728,-0.40780,-0.68626
-0.43029,0.31148,0.15615,-0.25896,0.77873,0.06642,-0.37897,0.13257
-0.34495,0.31148,0.26936,-0.22727,0.33533,-0.27233,-0.22278,-0.02718
-0.25961,0.31148,0.38653,-0.29460,0.46369,-0.27022,-0.48559,-0.54988
-0.17427,0.31148,0.50687,-0.37302,-0.08993,0.15406,-0.29910,-0.11623
-0.08892,0.31148,0.62975,-0.41105,-0.08829,-0.34201,-1.51412,-1.09939
-0.00358,0.31148,0.75471,-0.43243,-0.19903,-0.47503,-1.98111,-1.30853
0.08176,0.31148,0.83071,-0.44590,-0.14696,-0.34229,-0.71556,-0.29850
0.16710,0.31148,0.74013,-0.48234,-0.01788,-0.45835,-1.47680,0.51273
0.25244,0.31148,0.65540,-0.49264,-0.15863,-0.35180,0.15921,0.34089
0.33778,0.31148,0.57735,-0.48313,-0.00746,-0.29049,-0.67886,-0.37217
0.42312,0.31148,0.50687,-0.51719,0.30001,-0.27584,-0.35822,-0.45044
0.50846,0.31148,0.43917,-0.52432,0.19030,-0.13786,-0.06952,-0.23443
0.59381,0.31148,0.33827,-0.53066,0.30898,-0.51396,0.00006,-0.37442
0.67915,0.31148,0.24351,-0.53620,0.00307,-0.70299,-0.59592,-0.41085
0.76449,0.31148,0.14222,-0.52908,0.38967,-0.53792,-0.19590,-0.90812
0.84983,0.31148,0.04796,-0.52591,-0.05711,0.13093,0.22205,-0.21798
0.93517,0.31148,-0.05382,-0.54254,0.06661,-0.11587,0.90227,0.32774
1.02051,0.31148,-0.14740,-0.55126,0.25407,-0.10422,-0.19844,-0.10280
1.10585,0.31148,-0.23046,-0.55918,-0.08824,-0.39471,-0.53667,-0.93275
1.19120,0.31148,-0.30017,-0.51086,0.65797,-0.01166,-0.29861,-0.85756
1.27654,0.31148,-0.35335,-0.55046,0.44379,-0.12710,-0.05535,-0.99450
1.36188,0.31148,-0.38687,-0.55680,0.72083,-0.03659,1.64093,1.21679
1.44722,0.31148,-0.39834,-0.57264,1.22886,-0.21696,0.65484,-0.39968
1.53256,0.31148,-0.39834,-0.56710,0.49992,-0.66928,0.60235,0.30348
1.87393,0.31148,-0.30017,-0.48947,1.20886,-0.38945,0.83520,-0.38331
1.95927,0.31148,-0.23046,-0.29460,2.69136,1.13993,1.70925,-1.19051
2.04461,0.31148,-0.14740,0.21237,1.59678,-0.18354,1.01695,-0.10681
2.12995,0.31148,-0.05382,0.01909,1.97040,-0.10868,1.63597,1.04396
2.21529,0.31148,0.04796,0.27495,0.90539,-0.87640,-0.07227,-0.41289
2.30063,0.31148,0.15615,-0.32153,-0.35974,-0.31725,1.50594,1.06535
2.38597,0.31148,0.26936,0.73835,-0.92888,-0.70777,0.54229,0.69417
2.47132,0.31148,0.38653,0.34307,-0.67308,-0.64284,0.38771,1.18110
2.55666,0.31148,0.50687,0.61240,-0.53375,-0.54628,1.11223,1.20189
-1.53973,0.39576,-0.53697,-0.49501,-1.16815,1.07378,1.20349,0.70498
-1.45439,0.39576,-0.53697,-0.41818,-1.05877,1.04221,1.12683,0.66119
-1.36904,0.39576,-0.52324,-0.46650,-0.98363,0.93355,1.46082,0.76240
-1.28370,0.39576,-0.48357,-0.50610,-1.13970,0.76493,1.13583,0.12110
-1.19836,0.39576,-0.42178,-0.47521,-0.91872,0.51904,0.29140,-1.02912
-1.11302,0.39576,-0.34246,-0.45382,-0.57910,0.55354,-0.10341,-0.39124
-1.02768,0.39576,-0.24987,-0.40312,-0.24950,0.61704,-0.38797,-1.54861
-0.94234,0.39576,-0.22089,-0.17816,0.09273,0.02910,0.14247,0.23693
-0.85700,0.39576,-0.17436,-0.24311,-0.68797,0.14430,0.57202,0.54586
-0.77166,0.39576,-0.11246,-0.31599,-0.50907,-0.21708,0.16212,0.12829
-0.68631,0.39576,-0.03760,-0.32391,-0.43483,-0.10202,0.38915,0.31067
-0.60097,0.39576,0.04796,-0.36669,-0.31837,-0.19844,-0.51626,-0.48827
-0.51563,0.39576,0.14222,-0.41976,0.04589,-0.08370,-1.36376,-0.79285
-0.43029,0.39576,0.24351,-0.28114,-0.37736,-0.17723,-0.97580,-0.20159
-0.34495,0.39576,0.35047,-0.26371,-0.46654,0.02909,1.26035,0.64599
-0.25961,0.39576,0.46204,-0.39996,-0.42045,-0.35850,-0.85348,-0.41613
-0.17427,0.39576,0.57735,-0.43719,0.18022,0.03445,0.04431,-0.18752
-0.08892,0.39576,0.69574,-0.45937,-0.20430,-0.07094,-0.51696,-0.08379
-0.00358,0.39576,0.81667,-0.47600,0.09125,0.06216,-0.58579,0.43076
0.08176,0.39576,0.93529,-0.49343,0.02378,-0.08180,-0.08630,-0.43899
0.16710,0.39576,0.84927,-0.50769,-0.08248,-0.48927,-0.64465,-0.42795
0.25244,0.39576,0.76918,-0.50769,0.11743,-0.18571,-0.51120,-0.22827
0.33778,0.39576,0.69574,-0.51006,0.22315,-0.31381,-0.72736,-0.88041
0.42312,0.39576,0.62975,-0.51006,0.20002,0.00131,-0.15342,-0.39822
0.50846,0.39576,0.53431,-0.52511,0.89651,-0.00372,0.73033,-0.46795
0.59381,0.39576,0.43917,-0.53066,0.17350,-0.29408,-0.43452,-0.28651
0.67915,0.39576,0.33827,-0.53462,-0.27864,-0.37161,-0.72629,-0.49959
0.76449,0.39576,0.24351,-0.54333,-0.14750,-0.67100,-1.00898,-0.41704
0.84983,0.39576,0.14222,-0.54571,0.72563,-0.07495,0.15920,-0.22255
0.93517,0.39576,0.04796,-0.55046,-0.02466,-0.45026,-1.12057,-0.72469
1.02051,0.39576,-0.03760,-0.55284,0.47778,-0.11463,0.80100,0.72659
1.10585,0.39576,-0.11246,-0.55442,0.30332,-0.49383,-1.83381,-1.07076
1.19120,0.39576,-0.17436,-0.55997,0.42035,-0.67643,-2.25342,-0.75275
1.27654,0.39576,-0.22089,-0.55759,0.94006,-0.24859,-0.09477,-0.24341
1.36188,0.39576,-0.24987,-0.56472,0.82239,-0.45616,-0.11606,0.22203
1.44722,0.39576,-0.25972,-0.56393,0.64493,-0.64690,0.41586,0.20501
1.78859,0.39576,-0.22089,-0.56947,1.44076,-0.17231,-0.78831,0.03039
1.87393,0.39576,-0.17436,-0.41580,0.80098,-0.21456,0.55644,-0.64005
1.95927,0.39576,-0.11246,-0.12984,0.69311,-0.09453,0.56492,-0.39267
2.04461,0.39576,-0.03760,-0.13776,0.30231,0.12293,1.91174,0.33806
2.12995,0.39576,0.04796,0.12682,0.19571,0.70145,2.48694,1.68227
2.21529,0.39576,0.14222,-0.01181,-0.55178,-0.53210,1.19538,0.69001
2.30063,0.39576,0.24351,-0.48551,-0.47258,-0.90376,-0.53606,-0.18358
2.38597,0.39576,0.35047,-0.41342,-0.84968,-0.73239,0.65663,0.55408
2.47132,0.39576,0.46204,0.13474,-0.75253,-0.86202,1.67889,1.45450
2.55666,0.39576,0.57735,0.30663,-0.74837,-0.96450,0.38723,1.23317
2.64200,0.39576,0.69574,1.63426,-0.91710,-0.52898,-0.47491,2.83790
-1.53973,0.48004,-0.42178,-0.47283,-1.76732,1.07541,1.75636,1.20765
-1.45439,0.48004,-0.39834,-0.40312,-1.57797,0.77618,0.19505,0.20212
-1.36904,0.48004,-0.38687,-0.40471,-1.64797,0.71449,0.17820,-0.23725
-1.28370,0.48004,-0.35335,-0.43006,-1.37806,0.50386,0.53042,0.36364
-1.19836,0.48004,-0.30017,-0.44986,-1.33656,0.41459,0.31513,-0.22012
-1.11302,0.48004,-0.23046,-0.40788,-0.60694,0.57537,0.39729,-0.62033
-1.02768,0.48004,-0.14740,-0.39520,-0.39087,0.42637,1.10631,0.08229
-0.94234,0.48004,-0.08696,-0.35560,-0.84408,0.06755,-0.38340,-0.88566
-0.85700,0.48004,-0.04568,-0.23519,-1.01129,0.04751,-1.16555,-1.10369
-0.77166,0.48004,0.00980,-0.28589,-1.02940,-0.01206,-0.26660,-0.18107
-0.68631,0.48004,0.07769,-0.36352,-0.46062,0.10672,-0.58156,-0.26917
-0.60097,0.48004,0.15615,-0.38095,-0.38672,-0.04418,-0.19757,0.25065
-0.51563,0.48004,0.24351,-0.40312,-0.40453,0.09722,0.74827,0.34259
-0.43029,0.48004,0.33827,-0.32946,-0.38083,0.07321,0.35028,0.43153
-0.34495,0.48004,0.43917,-0.43402,-0.37520,-0.00174,1.28646,1.76627
-0.25961,0.48004,0.54517,-0.41501,0.29778,-0.69599,-1.08197,-0.43854
-0.17427,0.48004,0.65540,-0.44828,-0.41065,-0.38661,0.52978,-0.16677
-0.08892,0.48004,0.76918,-0.48075,-0.61832,-0.18917,-0.27589,-0.36837
-0.00358,0.48004,0.88592,-0.48472,0.11783,-0.17239,0.47527,0.95558
0.08176,0.48004,1.00516,-0.49105,-0.20546,0.03383,-0.46164,-0.31111
0.16710,0.48004,0.96175,-0.49501,-0.37070,-0.28417,-0.17369,0.39125
0.25244,0.48004,0.88592,-0.49977,0.30865,0.16239,-0.05946,-0.57889
0.33778,0.48004,0.81667,-0.50293,-0.00369,-0.15064,0.29855,-0.02353
0.42312,0.48004,0.73035,-0.51323,0.06696,-0.67917,-1.00170,-0.83308
0.50846,0.48004,0.63491,-0.51878,-0.06987,-0.04989,-0.48434,0.75258
0.59381,0.48004,0.53431,-0.52670,0.34231,-0.20833,0.25508,-0.11741
0.67915,0.48004,0.43917,-0.53224,-0.08516,-0.68392,-0.96312,0.51277
0.76449,0.48004,0.33827,-0.53779,0.17106,-0.17570,0.34532,-0.30925
0.84983,0.48004,0.24351,-0.53937,0.22919,-0.41083,0.44614,0.11570
0.93517,0.48004,0.15615,-0.54333,0.78422,-0.41956,0.24040,-0.24297
1.02051,0.48004,0.07769,-0.54729,0.58674,-0.50923,-0.98782,-1.82820
1.10585,0.48004,0.00980,-0.54967,0.52240,-0.55105,-1.40535,-0.23781
1.19120,0.48004,-0.04568,-0.54888,0.36731,-0.75234,-1.44552,-0.84897
1.27654,0.48004,-0.08696,-0.54096,1.43676,-0.68483,-0.63110,-0.63533
1.36188,0.48004,-0.11246,-0.54809,2.23835,-0.41784,0.53506,0.05201
1.44722,0.48004,-0.12109,-0.54888,2.16521,-0.78618,-0.40648,-0.19645
1.61790,0.48004,-0.12109,-0.54650,2.96729,-1.34831,-0.81541,-0.28517
1.70324,0.48004,-0.11246,-0.56234,2.97847,-1.14942,-0.73891,-1.46427
1.78859,0.48004,-0.08696,-0.54809,1.83883,-0.47204,0.47378,0.00695
1.87393,0.48004,-0.04568,-0.56234,1.30004,-0.88829,-0.81159,-0.60067
1.95927,0.48004,0.00980,-0.56155,-0.07089,-0.87708,-0.59207,0.19648
2.04461,0.48004,0.07769,-0.55205,-0.15583,-0.81273,0.17603,0.29224
2.12995,0.48004,0.15615,-0.27401,0.28296,-0.77627,-2.43162,-1.14941
2.21529,0.48004,0.24351,-0.54333,-0.59201,-0.50278,1.29315,0.59347
2.30063,0.48004,0.33827,-0.51402,-0.72084,-0.97807,-0.48265,-0.40205
2.38597,0.48004,0.43917,0.10622,-0.32306,-0.59820,0.89256,1.39464
2.47132,0.48004,0.54517,-0.50214,-0.82698,-1.18454,-0.21391,1.03689
2.55666,0.48004,0.65540,0.08008,-0.76077,-1.26298,-2.17930,-0.36280
2.64200,0.48004,0.76918,1.44335,-0.63771,-1.63554,-1.19001,-0.22901
-1.62507,0.56432,-0.35335,-0.52115,-1.57423,1.59961,1.91766,1.09878
-1.53973,0.56432,-0.30017,-0.44352,-1.53009,1.77647,2.55031,2.06055
-1.45439,0.56432,-0.25972,-0.37540,-1.56817,1.30516,1.04348,0.07495
-1.36904,0.56432,-0.24987,-0.36669,-1.65888,0.98795,0.15094,-0.02806
-1.28370,0.56432,-0.22089,-0.41580,-1.63922,0.41287,0.41625,0.01050
-1.19836,0.56432,-0.17436,-0.37461,-1.60728,0.10444,-0.08591,-0.67769
-1.11302,0.56432,-0.11246,-0.35243,-1.05429,0.35467,-0.41771,-1.10090
-1.02768,0.56432,-0.03760,-0.35084,-1.20642,0.40581,0.78142,0.03452
-0.94234,0.56432,0.04796,-0.34926,-0.77159,0.37153,0.92196,0.55473
-0.85700,0.56432,0.08502,-0.27638,-1.06651,0.40852,1.02293,0.24323
-0.77166,0.56432,0.13520,-0.28193,-0.98229,0.10869,0.40414,0.28825
-0.68631,0.56432,0.19713,-0.32550,-0.61037,0.31248,0.55115,0.59667
-0.60097,0.56432,0.26936,-0.32470,-0.72496,0.49167,1.77815,1.82355
-0.51563,0.56432,0.35047,-0.26529,-0.60678,0.14688,0.84577,0.60632
-0.43029,0.56432,0.43917,-0.41105,-0.76828,-0.11910,0.00046,-0.59176
-0.34495,0.56432,0.53431,-0.42847,-0.48601,-0.34361,-0.95162,-0.83312
-0.25961,0.56432,0.63491,-0.45699,-0.22512,-0.25001,0.03257,-0.01032
-0.17427,0.56432,0.74013,-0.46650,-0.55340,-0.20675,-1.05792,-1.16544
-0.08892,0.56432,0.84927,-0.48630,-0.37468,-0.39141,-0.32744,-0.11794
-0.00358,0.56432,0.96175,-0.47996,-0.65683,0.16427,-1.06525,-0.29916
0.08176,0.56432,1.07708,-0.48551,-0.04225,-0.01432,-0.22108,-0.16989
0.16710,0.56432,1.07708,-0.48868,0.34307,0.24477,0.71242,0.82607
0.25244,0.56432,1.00516,-0.49739,0.37044,-0.12846,-0.20776,-0.25168
0.33778,0.56432,0.92640,-0.50373,0.34310,-0.12845,0.25693,0.87224
0.42312,0.56432,0.83071,-0.51006,1.12416,0.13720,0.08818,0.15158
0.50846,0.56432,0.73035,-0.52511,1.32494,-0.20893,0.07382,0.08997
0.59381,0.56432,0.63491,-0.52749,1.14568,-0.72241,-0.87649,-0.23607
0.67915,0.56432,0.53431,-0.52511,1.12593,0.25007,0.22207,1.00818
0.76449,0.56432,0.43917,-0.52987,0.17372,-0.45201,-0.16702,0.18273
0.84983,0.56432,0.35047,-0.52987,1.25654,-0.70841,-1.01002,-0.28096
0.93517,0.56432,0.26936,-0.53620,1.30382,-0.56721,0.32003,0.37048
1.02051,0.56432,-1.23009,-0.53383,0.89195,-0.42622,-0.06742,-0.17886
1.53256,0.56432,0.01753,-0.48075,2.51116,-0.87796,-0.15437,-0.41385
1.61790,0.56432,0.01753,-0.49184,4.19797,-0.75140,1.34554,1.50451
1.70324,0.56432,0.02521,-0.42372,3.86884,-0.47241,1.06588,0.67207
1.87393,0.56432,0.08502,-0.49026,1.94504,-0.59109,-0.07919,0.03309
1.95927,0.56432,-1.23009,-0.52828,1.05815,-0.88835,-0.54231,0.05838
2.04461,0.56432,-1.23009,-0.50214,0.71363,-0.58867,-0.97743,0.21089
2.12995,0.56432,0.26936,-0.50610,0.35626,-0.25135,0.90981,0.78623
2.21529,0.56432,0.35047,-0.52115,-0.18584,-1.22469,-0.36997,-0.23945
2.30063,0.56432,0.43917,-0.53066,-0.38776,-1.03423,0.11161,0.73295
2.38597,0.56432,0.53431,-0.54096,-0.44019,-1.22144,-0.69898,-0.13634
2.47132,0.56432,0.63491,-0.52432,-0.33772,-1.51182,-2.15362,-1.30788
2.55666,0.56432,0.74013,-0.49977,-0.35551,-1.13005,-3.49484,-0.79836
2.64200,0.56432,0.84927,-0.06647,-0.61071,-1.24466,-0.70425,-0.36485
-1.62507,0.64860,-0.22089,-0.53145,-1.67715,1.19465,0.66268,-0.02378
-1.53973,0.64860,-0.17436,-0.44907,-1.55953,1.02357,-0.73350,-1.17330
-1.45439,0.64860,-0.12109,-0.47521,-1.65171,1.10265,0.60874,-0.08730
-1.36904,0.64860,-0.11246,-0.44511,-1.74982,0.85720,0.16897,-0.08596
-1.28370,0.64860,-0.08696,-0.40233,-1.59164,0.94376,1.49584,0.52573
-1.19836,0.64860,-0.04568,-0.42847,-1.54966,0.78981,1.42042,1.15619
-1.11302,0.64860,0.00980,-0.37223,-1.68907,0.27987,1.07301,0.55212
-1.02768,0.64860,0.07769,-0.34926,-0.89424,0.92329,0.65547,-0.45579
-0.94234,0.64860,0.15615,-0.36114,-1.05509,0.80479,1.47824,1.19326
-0.85700,0.64860,0.21719,-0.32312,-1.07193,0.28561,-0.56849,-1.15832
-0.77166,0.64860,0.26294,-0.24707,-0.80759,0.59459,1.01887,0.39277
-0.68631,0.64860,0.31978,-0.24628,-0.97334,0.19778,0.16863,0.31606
-0.60097,0.64860,0.38653,-0.25499,-0.76517,0.22856,0.39116,0.21346
-0.51563,0.64860,0.46204,-0.18687,-0.58964,0.00193,0.05447,-0.27412
-0.43029,0.64860,0.54517,-0.41738,0.08728,0.11066,0.65373,0.33601
-0.34495,0.64860,0.63491,-0.45541,-0.52335,0.09297,-0.28708,0.00401
-0.25961,0.64860,0.73035,-0.46650,-0.08825,0.12725,-0.24004,-0.48953
-0.17427,0.64860,0.83071,-0.46491,0.17425,0.11397,0.43745,-0.39790
-0.08892,0.64860,0.93529,-0.46808,0.35667,-0.07062,-0.12259,0.32159
-0.00358,0.64860,1.04352,-0.47521,-0.02367,-0.32434,-1.31394,-0.69395
0.08176,0.64860,1.15489,-0.47996,0.11763,0.00366,0.16705,-0.69348
0.16710,0.64860,1.19484,-0.49264,0.22398,-0.05939,-0.35999,0.26665
0.25244,0.64860,1.12244,-0.49105,0.80241,-0.14553,-0.93999,-1.05730
0.33778,0.64860,1.02655,-0.50531,0.98845,-0.36246,0.95261,1.57877
0.42312,0.64860,0.92640,-0.49977,0.45284,-0.31926,-0.16952,0.22232
0.50846,0.64860,0.83071,-0.51719,1.05379,-0.55086,-2.33465,-1.19974
0.59381,0.64860,0.73035,-0.52353,1.05782,-0.66150,-1.79295,-0.99100
0.67915,0.64860,0.63491,-0.50531,1.07716,-0.72915,-1.16266,-0.71814
0.76449,0.64860,0.54517,-0.51561,1.05594,-0.19820,-0.32282,-0.04145
0.84983,0.64860,0.46204,-0.51244,1.23803,-0.39114,-0.56293,-0.49229
1.53256,0.64860,0.15615,0.32089,1.56973,-0.57823,0.84282,0.97180
2.21529,0.64860,0.46204,1.11620,-0.13433,-0.70644,-0.23841,0.36109
2.30063,0.64860,0.54517,0.17831,-0.25577,-0.87485,-0.57967,-0.22835
2.38597,0.64860,0.63491,0.11731,0.78301,-1.21316,-0.96142,0.71932
2.47132,0.64860,0.73035,-0.50927,0.87836,-1.06288,-1.63363,-0.70735
2.55666,0.64860,0.83071,-0.52036,0.06872,-0.78481,-0.40096,1.00515
2.64200,0.64860,0.93529,-0.50927,0.30739,-1.19409,-0.67557,-0.55464
2.72734,0.64860,1.04352,-0.46887,-0.26132,-1.15411,-0.65035,-0.97398
2.81268,0.64860,1.15489,-0.18053,-0.28810,-0.50461,-0.78014,-0.35015
2.98336,0.64860,1.38547,0.85955,-1.96856,6.49967,3.09719,-0.12837
-1.53973,0.73288,-0.04568,-0.49026,-1.59046,1.00463,-0.72207,-0.90707
-1.36904,0.73288,0.02521,-0.49977,-1.59554,1.01762,1.64823,1.05756
-1.28370,0.73288,0.04796,-0.47679,-1.39265,1.17353,1.67231,0.89535
-1.19836,0.73288,0.08502,-0.43164,-1.64633,0.99839,2.07664,1.22411
-1.11302,0.73288,0.13520,-0.37144,-1.68528,0.49320,0.98180,1.15300
-1.02768,0.73288,0.19713,-0.36114,-1.60810,0.21412,-0.27958,-0.27643
-0.94234,0.73288,0.26936,-0.34213,-1.37124,0.29706,0.36132,0.12728
-0.85700,0.73288,0.35047,-0.33421,-0.94853,0.16924,-0.26742,-0.67853
-0.77166,0.73288,0.39247,-0.29935,-0.89322,0.24431,1.04817,0.77907
-0.68631,0.73288,0.44491,-0.21856,-0.89922,-0.10754,0.46743,0.21890
-0.60097,0.73288,0.50687,-0.30332,-0.58749,-0.16974,-0.97801,-0.81558
-0.51563,0.73288,0.57735,-0.28985,-0.38734,0.20791,0.21649,-0.69980
-0.43029,0.73288,0.65540,-0.40629,-0.71989,0.09025,1.10066,1.02391
-0.34495,0.73288,0.74013,-0.44432,-0.76046,-0.11717,-0.82301,-1.16251
-0.25961,0.73288,0.83071,-0.44511,-0.27623,-0.29591,-0.15538,0.05381
-0.17427,0.73288,0.92640,-0.45620,-0.13323,-0.16914,-0.11467,-0.73160
-0.08892,0.73288,1.02655,-0.46729,-0.14126,-0.02985,0.29079,-0.03085
-0.00358,0.73288,1.13060,-0.47521,0.34469,-0.45872,-0.39135,-0.38423
0.08176,0.73288,1.23804,-0.47363,0.28146,-0.43174,-0.96382,-0.49971
0.16710,0.73288,1.31471,-0.47521,0.53496,-0.08033,0.16768,-0.57486
0.25244,0.73288,1.22242,-0.49184,0.61539,-0.43068,-0.49097,-0.58363
0.33778,0.73288,1.12244,-0.48868,1.37584,-0.32251,-0.16568,0.39035
0.42312,0.73288,1.02655,-0.49343,0.60716,-0.68010,-1.40283,-0.78578
1.53256,0.73288,0.29478,3.46489,1.00545,-0.11273,-0.30893,0.58074
2.12995,0.73288,-1.23009,2.75276,0.20532,-0.84074,0.37978,0.17128
2.21529,0.73288,-1.23009,2.23232,-0.09670,-0.76285,-0.50407,-0.15392
2.30063,0.73288,0.65540,0.72409,0.07712,-0.94325,-1.64752,-0.94810
2.38597,0.73288,0.74013,0.66468,0.98709,-1.01394,0.41762,1.63479
2.47132,0.73288,0.83071,-0.17895,0.72392,-1.19077,-0.18784,0.52366
2.55666,0.73288,0.92640,-0.29143,0.13833,-1.09637,-0.40794,-0.80859
2.64200,0.73288,1.02655,-0.50214,0.43741,-0.60392,0.62241,-0.52135
2.72734,0.73288,1.13060,-0.49501,0.75149,-0.70893,-0.41043,-0.65280
2.81268,0.73288,1.23804,-0.44352,1.34666,-0.17963,0.00151,-1.16102
2.89802,0.73288,1.34847,0.93321,1.17116,1.28953,-1.35654,0.94366
2.98336,0.73288,1.46151,1.62158,-0.96628,4.77713,-0.12407,-1.82183
-1.19836,0.81716,0.21719,-0.47363,-1.72751,0.34258,1.01801,1.18548
-1.11302,0.81716,0.26294,-0.44669,-1.60084,0.28937,0.31467,0.33372
-1.02768,0.81716,0.31978,-0.43877,-1.64966,-0.18979,-1.78954,-1.54234
-0.94234,0.81716,0.38653,-0.40788,-1.52307,0.25989,0.36012,0.49152
-0.85700,0.81716,0.46204,-0.36431,-1.30715,0.25378,0.39422,-0.28374
-0.77166,0.81716,0.52338,-0.35877,-1.19981,-0.15753,-0.38449,0.01760
-0.68631,0.81716,0.57203,-0.34371,-0.73121,-0.21960,-0.31918,-0.01516
-0.60097,0.81716,0.62975,-0.32787,-0.74701,0.29605,0.97915,0.88641
-0.51563,0.81716,0.69574,-0.39600,-0.62699,-0.25959,0.54762,0.24804
-0.43029,0.81716,0.76918,-0.37065,-0.32098,-0.47051,-0.78508,-0.12981
-0.34495,0.81716,0.84927,-0.44194,-0.46992,0.31118,-0.09173,0.03957
-0.25961,0.81716,0.93529,-0.44115,0.28964,0.04585,0.30244,-0.26130
-0.17427,0.81716,1.02655,-0.44986,-0.30069,-0.32887,-0.22428,-0.57547
-0.08892,0.81716,1.12244,-0.45461,0.60728,-0.32736,-0.92215,-1.01818
-0.00358,0.81716,1.22242,-0.45937,0.29740,-0.20031,-1.47439,-1.14585
0.08176,0.81716,1.32601,-0.46016,0.73584,-0.23495,-0.40290,-0.15870
0.16710,0.81716,1.41832,-0.46570,1.21556,-0.21750,0.60767,-0.07756
0.25244,0.81716,1.31849,-0.48313,0.87844,-0.36817,0.00092,-0.07178
2.38597,0.81716,0.84927,2.18480,1.14981,-0.91076,-1.73573,0.56266
2.47132,0.81716,0.93529,1.27859,0.53419,-1.07987,-2.17380,-0.30426
2.55666,0.81716,1.02655,0.64250,0.70715,-0.61107,0.47800,0.41901
2.64200,0.81716,1.12244,-0.25896,1.74309,-0.02543,-0.01321,-0.82807
2.72734,0.81716,1.22242,0.77479,1.93000,-0.21499,-0.27363,-1.03234
2.81268,0.81716,1.32601,1.82516,1.91122,0.04116,-0.43142,-1.59791
2.89802,0.81716,1.43279,0.64488,0.81028,2.39174,-1.67730,-0.11203
2.98336,0.81716,1.54239,1.43385,-0.47116,5.11641,0.92326,-1.19144
-1.19836,0.90144,-1.23009,-0.48788,-1.68503,0.21517,0.00518,0.50146
-1.11302,0.90144,0.39247,-0.47204,-1.78530,0.19312,0.23898,0.33928
-1.02768,0.90144,0.44491,-0.43719,-1.63605,-0.08835,-1.37614,-1.29366
-0.94234,0.90144,0.50687,-0.43560,-1.68436,0.12324,0.60672,-0.30452
-0.85700,0.90144,0.57735,-0.41263,-1.46909,0.36162,0.89675,0.16716
-0.77166,0.90144,0.65540,-0.42214,-1.14918,0.55468,1.22532,0.86932
-0.68631,0.90144,0.70072,-0.41184,-1.29551,0.49749,1.22361,0.39269
-0.60097,0.90144,0.75471,-0.41818,-0.73204,-0.07535,-0.46214,0.15721
-0.51563,0.90144,0.81667,-0.42293,-0.95960,0.26268,-0.36586,-0.04907
-0.43029,0.90144,0.88592,-0.42214,-0.53141,-0.01154,-0.16349,-0.34780
-0.34495,0.90144,0.96175,-0.42134,0.17403,0.07271,-0.68974,-0.83506
-0.25961,0.90144,1.04352,-0.42214,-0.00502,-0.36471,-1.69688,-1.25014
-0.17427,0.90144,1.13060,-0.42927,0.59408,-0.60197,-1.32964,-0.53499
-0.08892,0.90144,1.22242,-0.44748,0.43722,-0.25136,-1.23123,-1.67168
-0.00358,0.90144,1.31849,-0.44115,0.56723,0.24582,-0.32480,0.08259
0.08176,0.90144,1.41832,-0.43798,1.45237,-0.28896,-0.73804,-0.60068
2.47132,0.90144,-1.23009,2.68147,2.14963,-0.62060,-1.11579,0.33838
2.55666,0.90144,1.13060,1.87665,1.60882,-0.15542,-0.18925,0.09004
2.64200,0.90144,1.22242,0.66785,1.56686,0.33148,-0.51342,2.16680
2.72734,0.90144,1.31849,1.48771,2.16885,0.46521,-1.14229,1.26478
2.81268,0.90144,1.41832,2.04934,2.29112,0.83229,-1.08515,0.76362
2.89802,0.90144,1.52152,1.95507,-0.34471,5.08258,0.62140,-0.96730
-1.02768,0.98572,0.57203,-0.46729,-1.69022,0.27645,0.12661,0.13893
-0.94234,0.98572,0.62975,-0.44273,-1.74473,0.41003,0.38150,0.46551
-0.85700,0.98572,0.69574,-0.44432,-1.41707,0.68851,-0.52490,-0.45934
-0.77166,0.98572,0.76918,-0.43560,-1.35346,0.37030,0.19156,0.19742
-0.68631,0.98572,0.83071,-0.42372,-0.76878,0.16213,0.59044,0.77634
-0.60097,0.98572,0.88137,-0.42134,-0.91144,0.28636,0.89121,-0.38545
-0.51563,0.98572,0.93972,-0.41501,-0.77769,-0.28458,-0.55483,0.13154
-0.43029,0.98572,1.00516,-0.41501,-0.16674,0.01826,-1.32581,-0.67234
-0.34495,0.98572,1.07708,-0.40867,0.13354,0.11326,-0.80468,-1.13856
-0.25961,0.98572,1.15489,-0.40709,0.99617,-0.56326,-1.11188,-0.71853
-0.17427,0.98572,1.23804,-0.41105,1.05019,-0.28788,-0.08481,-0.37989
-0.08892,0.98572,1.32601,-0.40075,0.78504,-0.35856,-0.89704,-0.39974
-0.00358,0.98572,1.41832,-0.01260,1.01494,-0.66812,-1.19193,-0.29556
0.08176,0.98572,1.51453,0.57913,0.64552,-0.12598,-1.00547,-0.71457
2.81268,0.98572,1.51453,2.85495,-0.52603,5.55147,2.06899,-1.50583
-1.02768,1.07000,0.70072,-0.46174,-1.47433,0.77553,0.45231,-0.27805
-0.94234,1.07000,0.75471,-0.45382,-1.65079,0.53238,1.56618,1.06748
-0.85700,1.07000,0.81667,-0.44273,-1.56595,0.34911,-1.57032,-0.35697
-0.77166,1.07000,0.88592,-0.43243,-1.46891,0.44974,0.68057,0.06763
-0.68631,1.07000,0.96175,-0.42134,-1.16884,0.65685,0.74379,-0.37431
-0.60097,1.07000,1.00945,-0.41342,-0.99079,0.20869,1.02174,0.31623
-0.51563,1.07000,1.06455,-0.40550,-0.75754,-0.34066,-1.07139,-1.25857
-0.43029,1.07000,1.12652,-0.39203,-0.17342,-0.21221,-1.29268,-1.12578
-0.34495,1.07000,1.19484,-0.38570,0.79277,-0.40142,-0.03024,-0.61822
-0.25961,1.07000,1.26899,-0.40550,0.73207,-0.51784,-1.42249,-1.52458
-0.17427,1.07000,1.34847,-0.28272,1.27969,-0.58559,-0.69113,-0.45546
-0.08892,1.07000,1.43279,0.60131,0.36148,-0.27972,-0.73477,-0.40497
-0.00358,1.07000,1.52152,0.52130,-0.12289,-0.03985,-0.93887,-0.10865
0.08176,1.07000,1.61424,0.53477,0.36459,-0.36094,0.10752,-0.08434
-0.94234,1.15428,0.88137,-0.45224,-1.35231,0.47509,-0.50772,-1.00666
-0.85700,1.15428,0.93972,-0.43877,-1.13148,0.35271,-0.17394,-1.09137
-0.77166,1.15428,1.00516,-0.42689,-0.97501,0.48970,0.30124,0.85451
-0.68631,1.15428,1.07708,-0.41263,-0.87235,0.77711,-0.26345,2.31391
-0.60097,1.15428,1.13872,-0.40709,-0.61234,0.16734,1.11240,0.11160
-0.51563,1.15428,1.19088,-0.39203,0.06236,-0.39375,-0.87165,-1.33685
-0.43029,1.15428,1.24970,-0.37382,0.32338,-0.60911,-1.61602,-1.59865
-0.34495,1.15428,1.31471,-0.35560,1.17216,-0.21751,-0.58490,-0.58608
-0.25961,1.15428,1.38547,-0.08152,1.32369,-0.39958,-0.83638,-0.59127
-0.17427,1.15428,1.46151,0.08087,-0.62286,-0.35243,-0.22093,0.83828
-0.08892,1.15428,1.54239,0.31851,0.05850,0.07669,-0.13094,0.17443
-0.00358,1.15428,1.62772,1.31661,-0.87355,-0.15230,1.25944,0.91105
0.08176,1.15428,1.71710,2.23549,0.05010,-0.45006,0.85806,0.27754
0.16710,1.15428,1.81018,2.89534,0.11192,-0.55662,0.47533,0.09546
0.25244,1.15428,-1.23009,3.25498,0.13123,-0.81667,0.64751,0.02087
-0.85700,1.23856,1.06455,-0.44273,-0.91229,1.19689,1.66121,1.35722
-0.77166,1.23856,1.12652,-0.42293,-0.53979,1.38622,-0.90711,2.95255
-0.68631,1.23856,1.19484,-0.40788,-0.62674,1.73185,0.04238,3.45841
-0.60097,1.23856,1.26899,-0.38332,-0.02734,0.15168,0.59734,0.26665
-0.51563,1.23856,1.31849,-0.37382,-0.04595,-0.62254,-0.43484,0.08832
-0.43029,1.23856,1.37442,-0.06171,0.84113,-0.52808,-1.57128,-0.90875
-0.34495,1.23856,1.43640,1.02273,0.61915,-0.48351,-0.23380,0.51094
-0.25961,1.23856,1.50401,1.42909,0.01138,-0.15105,-0.63689,-1.13774
-0.17427,1.23856,1.57684,0.90074,-0.23994,-0.32302,1.07555,1.09728
-0.08892,1.23856,1.65449,3.42925,-1.05495,-0.57620,0.27644,0.45278
-0.00358,1.23856,1.73660,1.91547,-0.78968,-0.37961,-0.23992,0.07006
0.08176,1.23856,1.82279,3.26686,-0.74901,-0.29889,0.18650,0.27383
-0.77166,1.32284,1.24970,-0.41976,-0.92056,0.13700,0.59873,0.17076
-0.68631,1.32284,1.31471,-0.41025,-0.15053,0.15329,-0.60773,1.00825
-0.60097,1.32284,1.38547,-0.39679,0.15624,0.08722,0.77885,1.20933
-0.51563,1.32284,1.44719,-0.35243,-0.04912,-0.31913,0.44921,0.31444
-0.43029,1.32284,1.50049,0.64725,-0.60638,-0.53116,-0.27887,-0.75502
-0.34495,1.32284,1.55967,1.72219,-0.72554,0.89991,3.56227,2.23127
-0.25961,1.32284,1.62436,1.76655,-1.08621,0.93998,1.71025,1.13887
-0.17427,1.32284,1.69419,3.41816,-1.18148,0.57253,2.32405,1.86182
-0.08892,1.32284,1.76881,3.58134,-1.18896,-0.48129,0.91160,0.71690
-0.77166,1.40712,1.37442,-0.40709,0.25367,-0.02854,0.41263,0.56954
-0.68631,1.40712,1.43640,-0.38887,0.19233,-0.45414,-0.15146,-0.01484
-0.60097,1.40712,1.50401,-0.13855,0.87737,-0.44680,-0.33592,-0.23132
-0.51563,1.40712,1.57684,0.02384,-0.04415,-0.56426,-0.80724,-0.66003
-0.43029,1.40712,1.62772,0.39535,-0.88247,-0.52700,0.55832,-0.26163
-0.34495,1.40712,1.68432,2.53967,-1.26885,-0.50161,0.78356,-0.50340
-0.25961,1.40712,1.74630,2.51274,-1.09091,0.78561,2.16569,0.97153
-0.17427,1.40712,1.81334,2.23074,-1.05208,0.97950,2.22728,1.54060
-0.68631,1.49140,1.55967,-0.37619,1.08508,-0.00063,-0.19640,-0.51452
-0.60097,1.49140,1.62436,-0.08231,0.91034,-0.97002,-2.17300,-1.16268
-0.51563,1.49140,1.69419,2.90723,1.55506,-0.78511,-2.62223,-1.06025
-0.43029,1.49140,1.75597,2.84386,-0.66779,0.33963,0.74225,3.16303
-0.34495,1.49140,1.81018,3.56787,-1.19433,-0.42338,0.72252,0.46658
-0.25961,1.49140,1.86964,3.00624,-1.15495,0.55042,1.56284,0.45844
-0.77166,1.57568,1.62772,-0.27480,0.31001,-0.70664,0.46460,1.14877
-0.68631,1.57568,1.68432,0.50467,-0.11359,-0.57999,0.71274,0.64654
-0.60097,1.57568,1.74630,0.66230,-0.16388,-0.58435,-0.15447,-0.92143
-0.51563,1.57568,1.81334,0.94351,-0.14240,0.47945,-0.52954,-1.56744
-0.43029,1.57568,1.88510,3.80710,-0.95368,-0.15678,-0.45390,-0.79766
-0.34495,1.57568,1.93710,3.70729,-1.12616,0.16167,0.04288,2.37298
-0.25961,1.57568,1.99423,3.30726,-1.16638,0.62638,0.33709,1.88302
-0.17427,1.57568,2.05621,2.92624,-0.70387,1.86886,2.64910,2.62128
-0.08892,1.57568,2.12278,2.91832,-0.56674,2.00781,3.16190,3.07256
-0.00358,1.57568,2.19368,3.11397,-0.67505,1.08650,2.69084,3.03873
-0.94234,1.65996,1.66447,0.15692,-0.42201,-0.04389,-0.73576,-0.29146
-0.85700,1.65996,1.70730,0.19652,0.01352,-0.21360,0.03973,-0.09594
-0.77166,1.65996,1.75597,1.06550,0.12190,-0.54331,-0.49502,-0.85599
-0.68631,1.65996,1.81018,1.49247,-0.15741,-0.57423,-0.65840,-0.29394
-0.60097,1.65996,1.86964,2.72028,-0.24143,-0.24348,0.41287,-0.27175
-0.51563,1.65996,1.93407,3.20111,-0.48417,0.13455,0.67027,0.09413
-0.43029,1.65996,2.00315,3.19319,-1.45740,1.16015,-0.60781,-0.38467
-0.34495,1.65996,2.06497,3.63996,-1.95564,2.26188,-0.34637,1.89890
-0.25961,1.65996,2.11992,3.25181,-2.06241,3.92704,1.64816,1.88447
-0.17427,1.65996,2.17961,2.99040,-2.02259,4.03919,1.67521,1.51582
-0.08892,1.65996,2.24382,3.35954,-1.24630,2.28396,2.40976,2.48015
-0.94234,1.74424,1.79751,0.09751,-0.29835,0.13713,-1.05077,-0.38055
-0.85700,1.74424,1.83849,2.90089,-1.12874,0.06535,0.28352,0.15552
-0.77166,1.74424,1.88510,0.71934,-0.89567,-0.05152,-0.96204,-0.49962
-0.68631,1.74424,1.93710,2.31946,-0.70892,-0.35513,-0.22501,-0.89733
-0.60097,1.74424,1.99423,2.48739,-0.98539,0.25400,0.63702,0.82020
-0.51563,1.74424,2.05621,3.16388,-1.60974,2.71377,2.23245,-0.39135
-0.43029,1.74424,2.12278,2.98644,-2.06285,4.39648,1.89003,2.53838
-0.34495,1.74424,2.19368,3.26765,-2.19088,4.14697,0.95448,2.23242
-0.25961,1.74424,2.24659,2.57294,-2.13772,4.19510,1.23153,2.25623
-0.17427,1.74424,2.30415,4.10653,-2.10642,4.40984,1.80412,2.63169
-0.08892,1.74424,2.36613,2.77177,-1.81934,2.79407,1.08167,1.60795
-0.94234,1.82852,1.93103,2.27748,-1.14497,-0.90697,-0.52426,0.25720
-0.85700,1.82852,1.97030,0.66151,-1.29992,-0.37601,0.55391,0.54405
-0.77166,1.82852,2.01502,1.58039,-0.77798,-0.01404,-0.57275,-0.07318
-0.68631,1.82852,2.06497,2.46997,-1.05706,-0.21406,-0.49864,0.93897
-0.60097,1.82852,2.11992,2.26797,-1.04059,0.41469,-1.18484,0.03086
-0.51563,1.82852,2.17961,2.83039,-1.68999,2.30721,2.32379,0.85686
-0.43029,1.82852,2.24382,2.50165,-1.99872,4.55907,1.92325,2.33113
-0.34495,1.82852,2.31229,3.26686,-2.10328,4.22558,1.49086,2.47051
-0.25961,1.82852,2.37414,3.62807,-2.21003,4.10663,0.99075,2.46763
-0.17427,1.82852,2.42969,3.36350,-2.17488,4.19164,1.34467,2.60896
-0.08892,1.82852,2.48959,3.83878,-2.15133,4.14657,1.39957,2.59919
-0.00358,1.82852,2.55361,3.78650,-1.79626,2.73010,1.24220,1.74294
-0.94234,1.91280,2.06497,1.55108,-1.15457,-0.93292,0.02573,0.59460
-0.85700,1.91280,2.10266,1.93686,-1.07715,-0.58222,0.51746,0.03972
-0.77166,1.91280,2.14563,1.54475,-1.19892,-0.29800,-0.72007,-0.23770
-0.68631,1.91280,2.19368,3.13695,-1.11033,-0.07829,-0.68039,0.54157
-0.60097,1.91280,2.24659,3.25339,-1.04654,0.62693,-0.60560,0.65589
-0.51563,1.91280,2.30415,2.96109,-1.63159,2.66339,-0.30787,1.68403
-0.43029,1.91280,2.36613,3.24626,-2.01848,4.58778,1.68370,2.48467
-0.34495,1.91280,2.43232,2.74088,-2.02921,4.50245,1.73382,2.78516
-0.25961,1.91280,2.50248,4.17069,-2.15733,4.41374,1.21789,2.74240
-0.17427,1.91280,2.55615,3.38172,-2.20721,4.29436,0.95390,2.82433
-0.08892,1.91280,2.61408,3.69224,-2.20058,4.35784,1.18570,2.88902
-0.00358,1.91280,2.67606,3.55361,-2.14731,4.02162,0.99689,2.55582
0.08176,1.91280,2.74192,3.75323,-1.91689,2.77468,0.81951,2.06864
-0.94234,1.99708,2.19928,2.54601,-1.35375,-0.55560,-0.52881,0.72455
-0.85700,1.99708,2.23552,3.07516,-1.45339,0.05877,0.22467,0.78268
-0.77166,1.99708,2.27686,2.60780,-1.30194,0.02194,0.02163,0.14642
-0.68631,1.99708,2.32313,2.44145,-1.14982,0.05443,-0.57771,0.52758
-0.60097,1.99708,2.37414,2.87950,-1.13658,0.93701,-0.64241,0.43505
-0.51563,1.99708,2.42969,3.20982,-1.49580,2.42402,-1.21635,1.07745
-0.43029,1.99708,2.48959,3.51717,-2.00220,4.45094,1.28077,1.85715
-0.34495,1.99708,2.55361,4.10177,-2.03913,4.41208,1.36869,2.42377
-0.25961,1.99708,2.62157,3.63679,-2.09131,4.40639,1.41289,2.81558
-0.17427,1.99708,2.68344,3.71204,-2.14693,4.33688,1.26046,2.99659
-0.08892,1.99708,2.73950,3.62411,-2.21722,4.32500,0.94350,2.90989
-0.00358,1.99708,2.79956,3.27478,-2.22245,4.33980,1.05973,2.97350
0.08176,1.99708,2.86343,3.33657,-2.13000,3.83473,0.82629,2.34088
-1.02768,2.08136,2.30415,2.61017,-1.48821,2.20956,0.32385,3.36950
-0.94234,2.08136,2.33393,1.96616,-1.40549,1.07787,-0.60251,-0.03285
-0.85700,2.08136,2.36880,2.69573,-1.41974,1.14100,-0.05403,0.38648
-0.77166,2.08136,2.40863,2.72503,-1.54100,2.50467,0.64303,2.66085
-0.68631,2.08136,2.45325,3.00783,-1.46908,1.93945,1.04178,3.18516
-0.60097,2.08136,2.50248,2.75038,-1.27275,1.40375,-1.19361,2.34106
-0.51563,2.08136,2.55615,3.00466,-1.35714,1.95709,-0.98527,1.94446
-0.17427,2.08136,-1.23009,3.60114,-2.11380,4.34710,1.27518,2.89873
-0.08892,2.08136,2.86578,3.37300,-2.18281,4.34838,1.05259,2.92836
-0.00358,2.08136,2.92401,3.70966,-2.23198,4.35767,0.91049,2.92109
-1.11302,2.16564,2.40863,3.14487,-0.53895,4.00738,2.58251,1.39877
-1.02768,2.16564,2.44018,2.75197,-1.09194,3.72135,2.63622,2.19981
-0.94234,2.16564,2.46887,3.15200,-1.59001,2.32278,0.76993,3.76481
-0.85700,2.16564,2.50248,1.06313,-1.51846,2.09722,-0.35507,2.56187
-0.77166,2.16564,2.54090,3.17022,-1.52767,2.19430,0.10106,2.82738
-0.68631,2.16564,2.58397,2.71790,-1.63523,2.46515,0.85276,3.17950
-0.60097,2.16564,2.63153,3.87364,-1.54264,1.34674,0.22588,2.95149
-1.02768,2.24992,-1.23009,2.91911,-0.72893,4.01010,2.57650,1.53364
-0.94234,2.24992,-1.23009,2.09528,-1.23794,3.53199,2.55144,2.55654
-0.85700,2.24992,2.63651,3.13061,-1.57966,2.48014,1.03298,3.47171
-0.77166,2.24992,2.67360,3.04347,-1.59391,2.07231,-0.33018,2.65907
-0.68631,2.24992,2.71522,3.63045,-1.63927,2.18289,0.19461,3.09672
